<?xml version="1.0" encoding="utf-8" standalone="yes"?>
<types>
  <type name="dzn_Canteen">
    <nominal>15</nominal>
    <min>12</min>
    <lifetime>900</lifetime>
    <restock>0</restock>
    <quantmin>20</quantmin>
    <quantmax>60</quantmax>
    <cost>100</cost>
    <flags count_in_map="1" count_in_hoarder="0" count_in_cargo="0" count_in_player="0" crafted="0" deloot="0" />
    <usage />
    <value />
    <category name="tools" />
    <tag name="hunting" />
    <tag name="military" />
  </type>
  <type name="dzn_WaterBottle">
    <nominal>25</nominal>
    <min>20</min>
    <lifetime>900</lifetime>
    <restock>0</restock>
    <quantmin>20</quantmin>
    <quantmax>60</quantmax>
    <cost>100</cost>
    <flags count_in_map="1" count_in_hoarder="0" count_in_cargo="0" count_in_player="0" crafted="0" deloot="0" />
    <usage />
    <value />
    <category name="tools" />
    <tag name="industrial" />
    <tag name="civilian" />
  </type>
  <type name="dzn_SodaCan_Pipsi">
    <nominal>4</nominal>
    <min>3</min>
    <lifetime>900</lifetime>
    <restock>0</restock>
    <quantmin>-1</quantmin>
    <quantmax>-1</quantmax>
    <cost>100</cost>
    <flags count_in_map="1" count_in_hoarder="0" count_in_cargo="0" count_in_player="0" crafted="0" deloot="0" />
    <usage />
    <value />
    <category name="food" />
  </type>
  <type name="dzn_SodaCan_Cola">
    <nominal>4</nominal>
    <min>3</min>
    <lifetime>900</lifetime>
    <restock>0</restock>
    <quantmin>-1</quantmin>
    <quantmax>-1</quantmax>
    <cost>100</cost>
    <flags count_in_map="1" count_in_hoarder="0" count_in_cargo="0" count_in_player="0" crafted="0" deloot="0" />
    <usage />
    <value />
    <category name="food" />
  </type>
  <type name="dzn_SodaCan_Spite">
    <nominal>4</nominal>
    <min>3</min>
    <lifetime>900</lifetime>
    <restock>0</restock>
    <quantmin>-1</quantmin>
    <quantmax>-1</quantmax>
    <cost>100</cost>
    <flags count_in_map="1" count_in_hoarder="0" count_in_cargo="0" count_in_player="0" crafted="0" deloot="0" />
    <usage />
    <value />
    <category name="food" />
  </type>
  <type name="dzn_SodaCan_Kvass">
    <nominal>4</nominal>
    <min>3</min>
    <lifetime>900</lifetime>
    <restock>0</restock>
    <quantmin>-1</quantmin>
    <quantmax>-1</quantmax>
    <cost>100</cost>
    <flags count_in_map="1" count_in_hoarder="0" count_in_cargo="0" count_in_player="0" crafted="0" deloot="0" />
    <usage />
    <value />
    <category name="food" />
  </type>
  <type name="dzn_SodaCan_Fronta">
    <nominal>4</nominal>
    <min>3</min>
    <lifetime>900</lifetime>
    <restock>0</restock>
    <quantmin>-1</quantmin>
    <quantmax>-1</quantmax>
    <cost>100</cost>
    <flags count_in_map="1" count_in_hoarder="0" count_in_cargo="0" count_in_player="0" crafted="0" deloot="0" />
    <usage />
    <value />
    <category name="food" />
  </type>
  <type name="dzn_BakedBeansCan">
    <nominal>4</nominal>
    <min>3</min>
    <lifetime>900</lifetime>
    <restock>0</restock>
    <quantmin>-1</quantmin>
    <quantmax>-1</quantmax>
    <cost>100</cost>
    <flags count_in_map="1" count_in_hoarder="0" count_in_cargo="0" count_in_player="0" crafted="0" deloot="0" />
    <usage />
    <value />
    <category name="food" />
  </type>
  <type name="dzn_PeachesCan">
    <nominal>4</nominal>
    <min>3</min>
    <lifetime>900</lifetime>
    <restock>0</restock>
    <quantmin>-1</quantmin>
    <quantmax>-1</quantmax>
    <cost>100</cost>
    <flags count_in_map="1" count_in_hoarder="0" count_in_cargo="0" count_in_player="0" crafted="0" deloot="0" />
    <usage />
    <value />
    <category name="food" />
  </type>
  <type name="dzn_SardinesCan">
    <nominal>4</nominal>
    <min>3</min>
    <lifetime>900</lifetime>
    <restock>0</restock>
    <quantmin>-1</quantmin>
    <quantmax>-1</quantmax>
    <cost>100</cost>
    <flags count_in_map="1" count_in_hoarder="0" count_in_cargo="0" count_in_player="0" crafted="0" deloot="0" />
    <usage />
    <value />
    <category name="food" />
  </type>
  <type name="dzn_SpaghettiCan">
    <nominal>4</nominal>
    <min>3</min>
    <lifetime>900</lifetime>
    <restock>0</restock>
    <quantmin>-1</quantmin>
    <quantmax>-1</quantmax>
    <cost>100</cost>
    <flags count_in_map="1" count_in_hoarder="0" count_in_cargo="0" count_in_player="0" crafted="0" deloot="0" />
    <usage />
    <value />
    <category name="food" />
  </type>
  <type name="dzn_TunaCan">
    <nominal>4</nominal>
    <min>3</min>
    <lifetime>900</lifetime>
    <restock>0</restock>
    <quantmin>-1</quantmin>
    <quantmax>-1</quantmax>
    <cost>100</cost>
    <flags count_in_map="1" count_in_hoarder="0" count_in_cargo="0" count_in_player="0" crafted="0" deloot="0" />
    <usage />
    <value />
    <category name="food" />
  </type>
  <type name="dzn_UnknownFoodCan">
    <nominal>10</nominal>
    <min>8</min>
    <lifetime>900</lifetime>
    <restock>0</restock>
    <quantmin>-1</quantmin>
    <quantmax>-1</quantmax>
    <cost>100</cost>
    <flags count_in_map="1" count_in_hoarder="0" count_in_cargo="0" count_in_player="0" crafted="0" deloot="0" />
    <usage />
    <value />
    <category name="food" />
  </type>
  <type name="dzn_DogFoodCan">
    <nominal>5</nominal>
    <min>4</min>
    <lifetime>900</lifetime>
    <restock>0</restock>
    <quantmin>-1</quantmin>
    <quantmax>-1</quantmax>
    <cost>100</cost>
    <flags count_in_map="1" count_in_hoarder="0" count_in_cargo="0" count_in_player="0" crafted="0" deloot="0" />
    <usage />
    <value />
    <category name="food" />
  </type>
  <type name="dzn_CatFoodCan">
    <nominal>5</nominal>
    <min>4</min>
    <lifetime>900</lifetime>
    <restock>0</restock>
    <quantmin>-1</quantmin>
    <quantmax>-1</quantmax>
    <cost>100</cost>
    <flags count_in_map="1" count_in_hoarder="0" count_in_cargo="0" count_in_player="0" crafted="0" deloot="0" />
    <usage />
    <value />
    <category name="food" />
  </type>
  <type name="dzn_PorkCan">
    <nominal>5</nominal>
    <min>4</min>
    <lifetime>900</lifetime>
    <restock>0</restock>
    <quantmin>-1</quantmin>
    <quantmax>-1</quantmax>
    <cost>100</cost>
    <flags count_in_map="1" count_in_hoarder="0" count_in_cargo="0" count_in_player="0" crafted="0" deloot="0" />
    <usage />
    <value />
    <category name="food" />
  </type>
  <type name="dzn_Lunchmeat">
    <nominal>5</nominal>
    <min>4</min>
    <lifetime>900</lifetime>
    <restock>0</restock>
    <quantmin>-1</quantmin>
    <quantmax>-1</quantmax>
    <cost>100</cost>
    <flags count_in_map="1" count_in_hoarder="0" count_in_cargo="0" count_in_player="0" crafted="0" deloot="0" />
    <usage />
    <value />
    <category name="food" />
  </type>
  <type name="dzn_Pajka">
    <nominal>5</nominal>
    <min>4</min>
    <lifetime>900</lifetime>
    <restock>0</restock>
    <quantmin>-1</quantmin>
    <quantmax>-1</quantmax>
    <cost>100</cost>
    <flags count_in_map="1" count_in_hoarder="0" count_in_cargo="0" count_in_player="0" crafted="0" deloot="0" />
    <usage />
    <value />
    <category name="food" />
  </type>
  <type name="dzn_Pate">
    <nominal>5</nominal>
    <min>4</min>
    <lifetime>900</lifetime>
    <restock>0</restock>
    <quantmin>-1</quantmin>
    <quantmax>-1</quantmax>
    <cost>100</cost>
    <flags count_in_map="1" count_in_hoarder="0" count_in_cargo="0" count_in_player="0" crafted="0" deloot="0" />
    <usage />
    <value />
    <category name="food" />
  </type>
  <type name="dzn_BrisketSpread">
    <nominal>5</nominal>
    <min>4</min>
    <lifetime>900</lifetime>
    <restock>0</restock>
    <quantmin>-1</quantmin>
    <quantmax>-1</quantmax>
    <cost>100</cost>
    <flags count_in_map="1" count_in_hoarder="0" count_in_cargo="0" count_in_player="0" crafted="0" deloot="0" />
    <usage />
    <value />
    <category name="food" />
  </type>
  <type name="dzn_Marmalade">
    <nominal>5</nominal>
    <min>4</min>
    <lifetime>900</lifetime>
    <restock>0</restock>
    <quantmin>-1</quantmin>
    <quantmax>-1</quantmax>
    <cost>100</cost>
    <flags count_in_cargo="0" count_in_hoarder="0" count_in_map="1" count_in_player="0" crafted="0" deloot="0"/>
    <usage />
    <value />
    <category name="food" />
  </type>
  <type name="dzn_Honey">
    <nominal>5</nominal>
    <min>4</min>
    <lifetime>900</lifetime>
    <restock>0</restock>
    <quantmin>-1</quantmin>
    <quantmax>-1</quantmax>
    <cost>100</cost>
    <flags count_in_cargo="0" count_in_hoarder="0" count_in_map="1" count_in_player="0" crafted="0" deloot="0"/>
    <usage />
    <value />
    <category name="food" />
  </type>
  <type name="dzn_Pot">
    <nominal>12</nominal>
    <min>10</min>
    <lifetime>2700</lifetime>
    <restock>0</restock>
    <quantmin>-1</quantmin>
    <quantmax>-1</quantmax>
    <cost>100</cost>
    <flags count_in_map="1" count_in_hoarder="0" count_in_cargo="0" count_in_player="0" crafted="0" deloot="0" />
    <usage />
    <value />
    <category name="tools" />
    <tag name="civilian" />
  </type>
  <type name="dzn_map_namalsk">
    <nominal>20</nominal>
    <min>15</min>
    <lifetime>2700</lifetime>
    <restock>0</restock>
    <quantmin>-1</quantmin>
    <quantmax>-1</quantmax>
    <cost>100</cost>
    <flags count_in_map="1" count_in_hoarder="0" count_in_cargo="0" count_in_player="0" crafted="0" deloot="0" />
    <usage />
    <value />
    <category name="tools" />
    <tag name="civilian" />
    <tag name="military" />
    <tag name="hunting" />
    <tag name="industrial" />
  </type>
  <type name="dzn_athena_planning">
    <nominal>1</nominal>
    <min>1</min>
    <lifetime>2700</lifetime>
    <restock>0</restock>
    <quantmin>-1</quantmin>
    <quantmax>-1</quantmax>
    <cost>100</cost>
    <flags count_in_map="1" count_in_hoarder="0" count_in_cargo="0" count_in_player="0" crafted="0" deloot="0" />
    <usage />
    <value user="Tier3" />
    <category name="lore" />
  </type>
  <type name="dzn_athena_action1">
    <nominal>1</nominal>
    <min>1</min>
    <lifetime>2700</lifetime>
    <restock>0</restock>
    <quantmin>-1</quantmin>
    <quantmax>-1</quantmax>
    <cost>100</cost>
    <flags count_in_map="1" count_in_hoarder="0" count_in_cargo="0" count_in_player="0" crafted="0" deloot="0" />
    <usage />
    <value user="Tier3" />
    <category name="lore" />
  </type>
  <type name="dzn_athena_action2">
    <nominal>1</nominal>
    <min>1</min>
    <lifetime>2700</lifetime>
    <restock>0</restock>
    <quantmin>-1</quantmin>
    <quantmax>-1</quantmax>
    <cost>100</cost>
    <flags count_in_map="1" count_in_hoarder="0" count_in_cargo="0" count_in_player="0" crafted="0" deloot="0" />
    <usage />
    <value user="Tier3" />
    <category name="lore" />
  </type>
  <type name="dzn_netanyas_log">
    <nominal>1</nominal>
    <min>1</min>
    <lifetime>2700</lifetime>
    <restock>0</restock>
    <quantmin>-1</quantmin>
    <quantmax>-1</quantmax>
    <cost>100</cost>
    <flags count_in_map="1" count_in_hoarder="0" count_in_cargo="0" count_in_player="0" crafted="0" deloot="0" />
    <usage />
    <value user="Tier4" />
    <category name="lore" />
  </type>
  <type name="dzn_athena3_august">
    <nominal>1</nominal>
    <min>1</min>
    <lifetime>2700</lifetime>
    <restock>0</restock>
    <quantmin>-1</quantmin>
    <quantmax>-1</quantmax>
    <cost>100</cost>
    <flags count_in_map="1" count_in_hoarder="0" count_in_cargo="0" count_in_player="0" crafted="0" deloot="0" />
    <usage />
    <value user="Tier5" />
    <category name="lore" />
  </type>
  <type name="dzn_athena3_exp1">
    <nominal>1</nominal>
    <min>1</min>
    <lifetime>2700</lifetime>
    <restock>0</restock>
    <quantmin>-1</quantmin>
    <quantmax>-1</quantmax>
    <cost>100</cost>
    <flags count_in_map="1" count_in_hoarder="0" count_in_cargo="0" count_in_player="0" crafted="0" deloot="0" />
    <usage />
    <value user="Tier5" />
    <category name="lore" />
  </type>
  <type name="dzn_athena3_exp2">
    <nominal>1</nominal>
    <min>1</min>
    <lifetime>2700</lifetime>
    <restock>0</restock>
    <quantmin>-1</quantmin>
    <quantmax>-1</quantmax>
    <cost>100</cost>
    <flags count_in_map="1" count_in_hoarder="0" count_in_cargo="0" count_in_player="0" crafted="0" deloot="0" />
    <usage />
    <value user="Tier5" />
    <category name="lore" />
  </type>
  <type name="dzn_athena3_october">
    <nominal>1</nominal>
    <min>1</min>
    <lifetime>2700</lifetime>
    <restock>0</restock>
    <quantmin>-1</quantmin>
    <quantmax>-1</quantmax>
    <cost>100</cost>
    <flags count_in_map="1" count_in_hoarder="0" count_in_cargo="0" count_in_player="0" crafted="0" deloot="0" />
    <usage />
    <value user="Tier5" />
    <category name="lore" />
  </type>
  <type name="dzn_lantia_december">
    <nominal>1</nominal>
    <min>1</min>
    <lifetime>2700</lifetime>
    <restock>0</restock>
    <quantmin>-1</quantmin>
    <quantmax>-1</quantmax>
    <cost>100</cost>
    <flags count_in_map="1" count_in_hoarder="0" count_in_cargo="0" count_in_player="0" crafted="0" deloot="0" />
    <usage />
    <value user="Tier7" />
    <category name="lantia" />
    <tag name="medical" />
  </type>
  <type name="dzn_lantia_vega7">
    <nominal>1</nominal>
    <min>1</min>
    <lifetime>2700</lifetime>
    <restock>0</restock>
    <quantmin>-1</quantmin>
    <quantmax>-1</quantmax>
    <cost>100</cost>
    <flags count_in_map="1" count_in_hoarder="0" count_in_cargo="0" count_in_player="0" crafted="0" deloot="0" />
    <usage />
    <value user="Tier7" />
    <category name="lantia" />
    <tag name="medical" />
  </type>
  <type name="dzn_phoenix_log_1">
    <nominal>0</nominal>
    <min>0</min>
    <lifetime>2700</lifetime>
    <restock>0</restock>
    <quantmin>-1</quantmin>
    <quantmax>-1</quantmax>
    <cost>100</cost>
    <flags count_in_map="1" count_in_hoarder="0" count_in_cargo="0" count_in_player="0" crafted="0" deloot="0" />
    <usage />
    <value />
    <category name="lore" />
    <tag />
  </type>
  <type name="dzn_phoenix_log_2">
    <nominal>0</nominal>
    <min>0</min>
    <lifetime>2700</lifetime>
    <restock>0</restock>
    <quantmin>-1</quantmin>
    <quantmax>-1</quantmax>
    <cost>100</cost>
    <flags count_in_map="1" count_in_hoarder="0" count_in_cargo="0" count_in_player="0" crafted="0" deloot="0" />
    <usage />
    <value />
    <category name="lore" />
    <tag />
  </type>
  <type name="dzn_phoenix_log_3">
    <nominal>0</nominal>
    <min>0</min>
    <lifetime>2700</lifetime>
    <restock>0</restock>
    <quantmin>-1</quantmin>
    <quantmax>-1</quantmax>
    <cost>100</cost>
    <flags count_in_map="1" count_in_hoarder="0" count_in_cargo="0" count_in_player="0" crafted="0" deloot="0" />
    <usage />
    <value />
    <category name="lore" />
    <tag />
  </type>
  <type name="dzn_phoenix_log_4">
    <nominal>0</nominal>
    <min>0</min>
    <lifetime>2700</lifetime>
    <restock>0</restock>
    <quantmin>-1</quantmin>
    <quantmax>-1</quantmax>
    <cost>100</cost>
    <flags count_in_map="1" count_in_hoarder="0" count_in_cargo="0" count_in_player="0" crafted="0" deloot="0" />
    <usage />
    <value />
    <category name="lore" />
    <tag />
  </type>
  <type name="dzn_phoenix_log_5">
    <nominal>1</nominal>
    <min>1</min>
    <lifetime>2700</lifetime>
    <restock>0</restock>
    <quantmin>-1</quantmin>
    <quantmax>-1</quantmax>
    <cost>100</cost>
    <flags count_in_map="1" count_in_hoarder="0" count_in_cargo="0" count_in_player="0" crafted="0" deloot="1" />
    <usage />
    <value />
    <category name="lantia" />
    <tag name="seaice" />
  </type>
  <type name="dzn_phoenix_stash">
    <nominal>0</nominal>
    <min>0</min>
    <lifetime>1209600</lifetime>
    <restock>0</restock>
    <quantmin>-1</quantmin>
    <quantmax>-1</quantmax>
    <cost>100</cost>
    <flags count_in_map="1" count_in_hoarder="0" count_in_cargo="0" count_in_player="0" crafted="0" deloot="0" />
    <usage />
    <value />
    <category name="lore" />
    <tag />
  </type>
  <type name="dzn_printer_filament_abs">
    <nominal>1</nominal>
    <min>1</min>
    <lifetime>2700</lifetime>
    <restock>0</restock>
    <quantmin>-1</quantmin>
    <quantmax>-1</quantmax>
    <cost>100</cost>
    <flags count_in_map="1" count_in_hoarder="0" count_in_cargo="0" count_in_player="0" crafted="0" deloot="0" />
    <usage />
    <value user="Tier3" />
    <category name="tools" />
    <tag name="industrial" />
  </type>
  <type name="dzn_printer_filament_tpc">
    <nominal>1</nominal>
    <min>1</min>
    <lifetime>2700</lifetime>
    <restock>0</restock>
    <quantmin>-1</quantmin>
    <quantmax>-1</quantmax>
    <cost>100</cost>
    <flags count_in_map="1" count_in_hoarder="0" count_in_cargo="0" count_in_player="0" crafted="0" deloot="0" />
    <usage />
    <value user="Tier3" />
    <category name="tools" />
    <tag name="industrial" />
  </type>
  <type name="dzn_printer_filament_nylon">
    <nominal>1</nominal>
    <min>1</min>
    <lifetime>2700</lifetime>
    <restock>0</restock>
    <quantmin>-1</quantmin>
    <quantmax>-1</quantmax>
    <cost>100</cost>
    <flags count_in_map="1" count_in_hoarder="0" count_in_cargo="0" count_in_player="0" crafted="0" deloot="0" />
    <usage />
    <value user="Tier3" />
    <category name="tools" />
    <tag name="industrial" />
  </type>
  <type name="dzn_module_card">
    <nominal>1</nominal>
    <min>1</min>
    <lifetime>2700</lifetime>
    <restock>300</restock>
    <quantmin>-1</quantmin>
    <quantmax>-1</quantmax>
    <cost>100</cost>
    <flags count_in_map="1" count_in_hoarder="0" count_in_cargo="0" count_in_player="0" crafted="0" deloot="0" />
    <usage />
    <value user="Tier4" />
    <category name="lore" />
  </type>
  <type name="dzn_module_lantia">
    <nominal>1</nominal>
    <min>1</min>
    <lifetime>2700</lifetime>
    <restock>600</restock>
    <quantmin>-1</quantmin>
    <quantmax>-1</quantmax>
    <cost>100</cost>
    <flags count_in_map="1" count_in_hoarder="0" count_in_cargo="0" count_in_player="0" crafted="0" deloot="0" />
    <usage />
    <value user="Tier3" />
    <category name="tools" />
    <tag name="seaice" />
  </type>
  <type name="dzn_module_surge">
    <nominal>1</nominal>
    <min>1</min>
    <lifetime>2700</lifetime>
    <restock>600</restock>
    <quantmin>-1</quantmin>
    <quantmax>-1</quantmax>
    <cost>100</cost>
    <flags count_in_map="1" count_in_hoarder="0" count_in_cargo="0" count_in_player="0" crafted="0" deloot="0" />
    <usage />
    <value user="Tier7" />
    <category name="lantia" />
    <tag name="industrial" />
  </type>
  <type name="dzn_module_ext">
    <nominal>1</nominal>
    <min>1</min>
    <lifetime>2700</lifetime>
    <restock>600</restock>
    <quantmin>-1</quantmin>
    <quantmax>-1</quantmax>
    <cost>100</cost>
    <flags count_in_map="1" count_in_hoarder="0" count_in_cargo="0" count_in_player="0" crafted="0" deloot="0" />
    <usage />
    <value user="Tier3" />
    <category name="lore" />
  </type>
  <type name="dzn_module_ext2">
    <nominal>1</nominal>
    <min>1</min>
    <lifetime>2700</lifetime>
    <restock>600</restock>
    <quantmin>-1</quantmin>
    <quantmax>-1</quantmax>
    <cost>100</cost>
    <flags count_in_map="1" count_in_hoarder="0" count_in_cargo="0" count_in_player="0" crafted="0" deloot="0" />
    <usage />
    <value user="Tier6" />
    <category name="lantia" />
    <tag name="industrial" />
  </type>
  <type name="dzn_vega7_enzyme">
    <nominal>2</nominal>
    <min>2</min>
    <lifetime>2700</lifetime>
    <restock>600</restock>
    <quantmin>-1</quantmin>
    <quantmax>-1</quantmax>
    <cost>100</cost>
    <flags count_in_map="1" count_in_hoarder="0" count_in_cargo="0" count_in_player="0" crafted="0" deloot="0" />
    <usage />
    <value user="Tier7" />
    <category name="lantia" />
    <tag name="medical" />
  </type>
  <type name="dzn_oxygenated_blood">
    <nominal>4</nominal>
    <min>4</min>
    <lifetime>2700</lifetime>
    <restock>600</restock>
    <quantmin>-1</quantmin>
    <quantmax>-1</quantmax>
    <cost>100</cost>
    <flags count_in_map="1" count_in_hoarder="0" count_in_cargo="0" count_in_player="0" crafted="0" deloot="0" />
    <usage />
    <value user="Tier7" />
    <category name="lantia" />
    <tag name="medical" />
  </type>
  <type name="dzn_FirstAidKit">
    <nominal>2</nominal>
    <min>2</min>
    <lifetime>2700</lifetime>
    <restock>600</restock>
    <quantmin>-1</quantmin>
    <quantmax>-1</quantmax>
    <cost>100</cost>
    <flags count_in_map="1" count_in_hoarder="0" count_in_cargo="0" count_in_player="0" crafted="0" deloot="0" />
    <usage />
    <value user="Tier7" />
    <category name="lantia" />
    <tag name="medical" />
  </type>
  <type name="dzn_DuctTape">
    <nominal>2</nominal>
    <min>2</min>
    <lifetime>2700</lifetime>
    <restock>0</restock>
    <quantmin>-1</quantmin>
    <quantmax>-1</quantmax>
    <cost>100</cost>
    <flags count_in_map="1" count_in_hoarder="0" count_in_cargo="0" count_in_player="0" crafted="0" deloot="0" />
    <usage />
    <value user="Tier7" />
    <category name="lantia" />
    <tag name="industrial" />
  </type>
  <type name="dzn_EpoxyPutty">
    <nominal>2</nominal>
    <min>2</min>
    <lifetime>2700</lifetime>
    <restock>0</restock>
    <quantmin>-1</quantmin>
    <quantmax>-1</quantmax>
    <cost>100</cost>
    <flags count_in_map="1" count_in_hoarder="0" count_in_cargo="0" count_in_player="0" crafted="0" deloot="0" />
    <usage />
    <value user="Tier7" />
    <category name="lantia" />
    <tag name="industrial" />
  </type>
  <type name="dzn_ElectronicRepairKit">
    <nominal>2</nominal>
    <min>2</min>
    <lifetime>2700</lifetime>
    <restock>0</restock>
    <quantmin>-1</quantmin>
    <quantmax>-1</quantmax>
    <cost>100</cost>
    <flags count_in_map="1" count_in_hoarder="0" count_in_cargo="0" count_in_player="0" crafted="0" deloot="0" />
    <usage />
    <value user="Tier7" />
    <category name="lantia" />
    <tag name="industrial" />
  </type>
  <type name="dzn_tool_watch">
    <nominal>0</nominal>
    <min>0</min>
    <lifetime>300</lifetime>
    <restock>0</restock>
    <quantmin>-1</quantmin>
    <quantmax>-1</quantmax>
    <cost>100</cost>
    <flags count_in_map="1" count_in_hoarder="0" count_in_cargo="0" count_in_player="0" crafted="0" deloot="0" />
    <usage />
    <value />
    <category name="tools" />
    <tag name="civilian" />
    <tag name="hunting" />
    <tag name="police" />
    <tag name="military" />
  </type>
  <type name="dzn_tool_watch2">
    <nominal>0</nominal>
    <min>0</min>
    <lifetime>300</lifetime>
    <restock>0</restock>
    <quantmin>-1</quantmin>
    <quantmax>-1</quantmax>
    <cost>100</cost>
    <flags count_in_map="1" count_in_hoarder="0" count_in_cargo="0" count_in_player="0" crafted="0" deloot="0" />
    <usage />
    <value />
    <category name="tools" />
    <tag name="civilian" />
    <tag name="hunting" />
    <tag name="police" />
    <tag name="military" />
  </type>
  <type name="dzn_vinyl_bubson">
    <nominal>1</nominal>
    <min>1</min>
    <lifetime>2700</lifetime>
    <restock>300</restock>
    <quantmin>-1</quantmin>
    <quantmax>-1</quantmax>
    <cost>100</cost>
    <flags count_in_map="1" count_in_hoarder="0" count_in_cargo="0" count_in_player="0" crafted="0" deloot="0" />
    <usage />
    <value />
    <category name="tools" />
    <tag name="civilian" />
  </type>
  <type name="dzn_apsi">
    <nominal>2</nominal>
    <min>2</min>
    <lifetime>2700</lifetime>
    <restock>1800</restock>
    <quantmin>-1</quantmin>
    <quantmax>-1</quantmax>
    <cost>100</cost>
    <flags count_in_map="1" count_in_hoarder="0" count_in_cargo="0" count_in_player="0" crafted="0" deloot="0" />
    <usage />
    <value user="Tier5" />
    <category name="tools" />
    <tag name="military" />
  </type>
  <type name="dzn_detector">
    <nominal>8</nominal>
    <min>8</min>
    <lifetime>2700</lifetime>
    <restock>1800</restock>
    <quantmin>-1</quantmin>
    <quantmax>-1</quantmax>
    <cost>100</cost>
    <flags count_in_map="1" count_in_hoarder="0" count_in_cargo="0" count_in_player="0" crafted="0" deloot="0" />
    <usage />
    <value user="Tier34" />
    <category name="lore" />
  </type>
  <type name="dzn_lehs_o2tank">
    <nominal>6</nominal>
    <min>6</min>
    <lifetime>2700</lifetime>
    <restock>0</restock>
    <quantmin>-1</quantmin>
    <quantmax>-1</quantmax>
    <cost>100</cost>
    <flags count_in_map="1" count_in_hoarder="0" count_in_cargo="0" count_in_player="0" crafted="0" deloot="0" />
    <usage />
    <value user="Tier567" />
    <category name="lantia" />
    <tag name="industrial" />
  </type>
  <type name="dzn_lehs_battery">
    <nominal>3</nominal>
    <min>3</min>
    <lifetime>2700</lifetime>
    <restock>0</restock>
    <quantmin>-1</quantmin>
    <quantmax>-1</quantmax>
    <cost>100</cost>
    <flags count_in_map="1" count_in_hoarder="0" count_in_cargo="0" count_in_player="0" crafted="0" deloot="0" />
    <usage />
    <value user="Tier567" />
    <category name="lantia" />
    <tag name="industrial" />
  </type>
  <type name="dzn_blueprint_lehs">
    <nominal>1</nominal>
    <min>1</min>
    <lifetime>2700</lifetime>
    <restock>0</restock>
    <quantmin>-1</quantmin>
    <quantmax>-1</quantmax>
    <cost>100</cost>
    <flags count_in_map="1" count_in_hoarder="0" count_in_cargo="0" count_in_player="0" crafted="0" deloot="0" />
    <usage />
    <value />
    <category name="lantia" />
    <tag name="seaice" />
  </type>
  <type name="dzn_lehs">
    <lifetime>3600</lifetime>
    <flags count_in_cargo="0" count_in_hoarder="0" count_in_map="1" count_in_player="0" crafted="1" deloot="0" /> 
  </type>
  <type name="dzn_lehs_helmet">
    <lifetime>3600</lifetime>
    <flags count_in_cargo="0" count_in_hoarder="0" count_in_map="1" count_in_player="0" crafted="1" deloot="0" /> 
  </type>
  <type name="dzn_lehs_helmet_visor">
    <lifetime>3600</lifetime>
    <flags count_in_cargo="0" count_in_hoarder="0" count_in_map="1" count_in_player="0" crafted="1" deloot="0" /> 
  </type>
  <type name="dzn_gorka_up_winter">
    <nominal>2</nominal>
    <min>1</min>
    <lifetime>1800</lifetime>
    <restock>500</restock>
    <quantmin>-1</quantmin>
    <quantmax>-1</quantmax>
    <cost>100</cost>
    <flags count_in_map="1" count_in_hoarder="0" count_in_cargo="0" count_in_player="0" crafted="0" deloot="0" />
    <usage />
    <value user="Tier34" />
    <category name="clothes" />
    <tag name="military" />
  </type>
  <type name="dzn_sumrak_up_coldw">
    <nominal>3</nominal>
    <min>1</min>
    <lifetime>1800</lifetime>
    <restock>300</restock>
    <quantmin>-1</quantmin>
    <quantmax>-1</quantmax>
    <cost>100</cost>
    <flags count_in_map="1" count_in_hoarder="0" count_in_cargo="0" count_in_player="0" crafted="0" deloot="0" />
    <usage />
    <value user="Tier34" />
    <category name="clothes" />
    <tag name="military" />
  </type>
  <type name="dzn_yeger_up_coldw">
    <nominal>3</nominal>
    <min>1</min>
    <lifetime>1800</lifetime>
    <restock>300</restock>
    <quantmin>-1</quantmin>
    <quantmax>-1</quantmax>
    <cost>100</cost>
    <flags count_in_map="1" count_in_hoarder="0" count_in_cargo="0" count_in_player="0" crafted="0" deloot="0" />
    <usage />
    <value user="Tier34" />
    <category name="clothes" />
    <tag name="military" />
  </type>
  <type name="dzn_yeger_up_woodl">
    <nominal>3</nominal>
    <min>1</min>
    <lifetime>1800</lifetime>
    <restock>0</restock>
    <quantmin>-1</quantmin>
    <quantmax>-1</quantmax>
    <cost>100</cost>
    <flags count_in_map="1" count_in_hoarder="0" count_in_cargo="0" count_in_player="0" crafted="0" deloot="0" />
    <usage />
    <value user="Tier23" />
    <category name="clothes" />
    <tag name="military" />
  </type>
  <type name="dzn_bubblegoose_blue">
    <nominal>3</nominal>
    <min>1</min>
    <lifetime>1800</lifetime>
    <restock>0</restock>
    <quantmin>-1</quantmin>
    <quantmax>-1</quantmax>
    <cost>100</cost>
    <flags count_in_map="1" count_in_hoarder="0" count_in_cargo="0" count_in_player="0" crafted="0" deloot="0" />
    <usage />
    <value />
    <category name="clothes" />
    <tag name="civilian" />
  </type>
  <type name="dzn_bubblegoose_red">
    <nominal>3</nominal>
    <min>1</min>
    <lifetime>1800</lifetime>
    <restock>0</restock>
    <quantmin>-1</quantmin>
    <quantmax>-1</quantmax>
    <cost>100</cost>
    <flags count_in_map="1" count_in_hoarder="0" count_in_cargo="0" count_in_player="0" crafted="0" deloot="0" />
    <usage />
    <value />
    <category name="clothes" />
    <tag name="civilian" />
  </type>
  <type name="dzn_bubblegoose_orange">
    <nominal>3</nominal>
    <min>1</min>
    <lifetime>1800</lifetime>
    <restock>0</restock>
    <quantmin>-1</quantmin>
    <quantmax>-1</quantmax>
    <cost>100</cost>
    <flags count_in_map="1" count_in_hoarder="0" count_in_cargo="0" count_in_player="0" crafted="0" deloot="0" />
    <usage />
    <value />
    <category name="clothes" />
    <tag name="civilian" />
  </type>
  <type name="dzn_bubblegoose_green">
    <nominal>3</nominal>
    <min>1</min>
    <lifetime>1800</lifetime>
    <restock>0</restock>
    <quantmin>-1</quantmin>
    <quantmax>-1</quantmax>
    <cost>100</cost>
    <flags count_in_map="1" count_in_hoarder="0" count_in_cargo="0" count_in_player="0" crafted="0" deloot="0" />
    <usage />
    <value />
    <category name="clothes" />
    <tag name="civilian" />
  </type>
  <type name="dzn_tacticalshirt_olive_ru">
    <nominal>5</nominal>
    <min>2</min>
    <lifetime>1800</lifetime>
    <restock>0</restock>
    <quantmin>-1</quantmin>
    <quantmax>-1</quantmax>
    <cost>100</cost>
    <flags count_in_map="1" count_in_hoarder="0" count_in_cargo="0" count_in_player="0" crafted="0" deloot="0" />
    <usage />
    <value />
    <category name="clothes" />
    <tag name="military" />
  </type>
  <type name="dzn_tacticalshirt_tan_ru">
    <nominal>5</nominal>
    <min>2</min>
    <lifetime>1800</lifetime>
    <restock>0</restock>
    <quantmin>-1</quantmin>
    <quantmax>-1</quantmax>
    <cost>100</cost>
    <flags count_in_map="1" count_in_hoarder="0" count_in_cargo="0" count_in_player="0" crafted="0" deloot="0" />
    <usage />
    <value />
    <category name="clothes" />
    <tag name="military" />
  </type>
  <type name="dzn_tacticalshirt_white_ru">
    <nominal>5</nominal>
    <min>2</min>
    <lifetime>1800</lifetime>
    <restock>0</restock>
    <quantmin>-1</quantmin>
    <quantmax>-1</quantmax>
    <cost>100</cost>
    <flags count_in_map="1" count_in_hoarder="0" count_in_cargo="0" count_in_player="0" crafted="0" deloot="0" />
    <usage />
    <value />
    <category name="clothes" />
    <tag name="military" />
  </type>
  <type name="dzn_gorka_pants_winter">
    <nominal>2</nominal>
    <min>1</min>
    <lifetime>1800</lifetime>
    <restock>500</restock>
    <quantmin>-1</quantmin>
    <quantmax>-1</quantmax>
    <cost>100</cost>
    <flags count_in_map="1" count_in_hoarder="0" count_in_cargo="0" count_in_player="0" crafted="0" deloot="0" />
    <usage />
    <value user="Tier34" />
    <category name="clothes" />
    <tag name="military" />
  </type>
  <type name="dzn_sumrak_pants_coldw">
    <nominal>3</nominal>
    <min>1</min>
    <lifetime>1800</lifetime>
    <restock>300</restock>
    <quantmin>-1</quantmin>
    <quantmax>-1</quantmax>
    <cost>100</cost>
    <flags count_in_map="1" count_in_hoarder="0" count_in_cargo="0" count_in_player="0" crafted="0" deloot="0" />
    <usage />
    <value user="Tier34" />
    <category name="clothes" />
    <tag name="military" />
  </type>
  <type name="dzn_yeger_pants_coldw">
    <nominal>3</nominal>
    <min>1</min>
    <lifetime>1800</lifetime>
    <restock>300</restock>
    <quantmin>-1</quantmin>
    <quantmax>-1</quantmax>
    <cost>100</cost>
    <flags count_in_map="1" count_in_hoarder="0" count_in_cargo="0" count_in_player="0" crafted="0" deloot="0" />
    <usage />
    <value user="Tier34" />
    <category name="clothes" />
    <tag name="military" />
  </type>
  <type name="dzn_yeger_pants_woodl">
    <nominal>3</nominal>
    <min>1</min>
    <lifetime>1800</lifetime>
    <restock>0</restock>
    <quantmin>-1</quantmin>
    <quantmax>-1</quantmax>
    <cost>100</cost>
    <flags count_in_map="1" count_in_hoarder="0" count_in_cargo="0" count_in_player="0" crafted="0" deloot="0" />
    <usage />
    <value user="Tier23" />
    <category name="clothes" />
    <tag name="military" />
  </type>
  <type name="dzn_ukassvest_white">
    <nominal>3</nominal>
    <min>2</min>
    <lifetime>1800</lifetime>
    <restock>0</restock>
    <quantmin>-1</quantmin>
    <quantmax>-1</quantmax>
    <cost>100</cost>
    <flags count_in_map="1" count_in_hoarder="0" count_in_cargo="0" count_in_player="0" crafted="0" deloot="0" />
    <usage />
    <value user="Tier34" />
    <category name="clothes" />
    <tag name="military" />
  </type>
  <type name="dzn_smershvest_white">
    <nominal>5</nominal>
    <min>3</min>
    <lifetime>1800</lifetime>
    <restock>0</restock>
    <quantmin>-1</quantmin>
    <quantmax>-1</quantmax>
    <cost>100</cost>
    <flags count_in_map="1" count_in_hoarder="0" count_in_cargo="0" count_in_player="0" crafted="0" deloot="0" />
    <usage />
    <value user="Tier34" />
    <category name="clothes" />
    <tag name="military" />
  </type>
  <type name="dzn_smershvest_black">
    <nominal>0</nominal>
    <min>0</min>
    <lifetime>1800</lifetime>
    <restock>0</restock>
    <quantmin>-1</quantmin>
    <quantmax>-1</quantmax>
    <cost>100</cost>
    <flags count_in_map="1" count_in_hoarder="0" count_in_cargo="0" count_in_player="0" crafted="0" deloot="0" />
    <usage />
    <value user="Tier234" />
    <category name="clothes" />
    <tag name="military" />
  </type>
  <type name="dzn_ballisticvest_nac">
    <nominal>0</nominal>
    <min>0</min>
    <lifetime>1800</lifetime>
    <restock>0</restock>
    <quantmin>-1</quantmin>
    <quantmax>-1</quantmax>
    <cost>100</cost>
    <flags count_in_map="1" count_in_hoarder="0" count_in_cargo="0" count_in_player="0" crafted="0" deloot="0" />
    <usage />
    <value user="Tier234" />
    <category name="clothes" />
    <tag name="military" />
  </type>
  <type name="dzn_platecarriervest_nac">
    <nominal>1</nominal>
    <min>1</min>
    <lifetime>1800</lifetime>
    <restock>800</restock>
    <quantmin>-1</quantmin>
    <quantmax>-1</quantmax>
    <cost>100</cost>
    <flags count_in_map="1" count_in_hoarder="0" count_in_cargo="0" count_in_player="0" crafted="0" deloot="0" />
    <usage />
    <value user="Tier5" />
    <category name="clothes" />
    <tag name="military" />
  </type>
  <type name="dzn_platecarrierholster_nac">
    <nominal>1</nominal>
    <min>1</min>
    <lifetime>1800</lifetime>
    <restock>0</restock>
    <quantmin>-1</quantmin>
    <quantmax>-1</quantmax>
    <cost>100</cost>
    <flags count_in_map="1" count_in_hoarder="0" count_in_cargo="0" count_in_player="0" crafted="0" deloot="0" />
    <usage />
    <value user="Tier5" />
    <category name="clothes" />
    <tag name="military" />
  </type>
  <type name="dzn_platecarrierpouches_nac">
    <nominal>1</nominal>
    <min>1</min>
    <lifetime>1800</lifetime>
    <restock>0</restock>
    <quantmin>-1</quantmin>
    <quantmax>-1</quantmax>
    <cost>100</cost>
    <flags count_in_map="1" count_in_hoarder="0" count_in_cargo="0" count_in_player="0" crafted="0" deloot="0" />
    <usage />
    <value user="Tier5" />
    <category name="clothes" />
    <tag name="military" />
  </type>
  <type name="dzn_highcapacityvest_nac">
    <nominal>0</nominal>
    <min>0</min>
    <lifetime>1800</lifetime>
    <restock>300</restock>
    <quantmin>-1</quantmin>
    <quantmax>-1</quantmax>
    <cost>100</cost>
    <flags count_in_map="1" count_in_hoarder="0" count_in_cargo="0" count_in_player="0" crafted="0" deloot="0" />
    <usage />
    <value user="Tier234" />
    <category name="clothes" />
    <tag name="military" />
  </type>
  <type name="dzn_bagtortilla_white">
    <nominal>3</nominal>
    <min>1</min>
    <lifetime>7200</lifetime>
    <restock>0</restock>
    <quantmin>-1</quantmin>
    <quantmax>-1</quantmax>
    <cost>100</cost>
    <flags count_in_map="1" count_in_hoarder="0" count_in_cargo="0" count_in_player="0" crafted="0" deloot="0" />
    <usage />
    <value user="Tier34" />
    <category name="bags" />
    <tag name="military" />
  </type>
  <type name="dzn_assaultbag_winter">
    <nominal>3</nominal>
    <min>1</min>
    <lifetime>7200</lifetime>
    <restock>0</restock>
    <quantmin>-1</quantmin>
    <quantmax>-1</quantmax>
    <cost>100</cost>
    <flags count_in_map="1" count_in_hoarder="0" count_in_cargo="0" count_in_player="0" crafted="0" deloot="0" />
    <usage />
    <value user="Tier34" />
    <category name="bags" />
    <tag name="military" />
  </type>
  <type name="dzn_smershbackpack_white">
    <nominal>5</nominal>
    <min>3</min>
    <lifetime>7200</lifetime>
    <restock>0</restock>
    <quantmin>-1</quantmin>
    <quantmax>-1</quantmax>
    <cost>100</cost>
    <flags count_in_map="1" count_in_hoarder="0" count_in_cargo="0" count_in_player="0" crafted="0" deloot="0" />
    <usage />
    <value user="Tier34" />
    <category name="bags" />
    <tag name="military" />
  </type>
  <type name="dzn_smershbackpack_black">
    <nominal>5</nominal>
    <min>3</min>
    <lifetime>7200</lifetime>
    <restock>0</restock>
    <quantmin>-1</quantmin>
    <quantmax>-1</quantmax>
    <cost>100</cost>
    <flags count_in_map="1" count_in_hoarder="0" count_in_cargo="0" count_in_player="0" crafted="0" deloot="0" />
    <usage />
    <value user="Tier234" />
    <category name="bags" />
    <tag name="military" />
  </type>
  <type name="dzn_coyotebag_white">
    <nominal>2</nominal>
    <min>1</min>
    <lifetime>7200</lifetime>
    <restock>0</restock>
    <quantmin>-1</quantmin>
    <quantmax>-1</quantmax>
    <cost>100</cost>
    <flags count_in_map="1" count_in_hoarder="0" count_in_cargo="0" count_in_player="0" crafted="0" deloot="0" />
    <usage />
    <value user="Tier34" />
    <category name="bags" />
    <tag name="military" />
  </type>
  <type name="dzn_alicebag_wintercamo">
    <nominal>2</nominal>
    <min>1</min>
    <lifetime>7200</lifetime>
    <restock>0</restock>
    <quantmin>-1</quantmin>
    <quantmax>-1</quantmax>
    <cost>100</cost>
    <flags count_in_map="1" count_in_hoarder="0" count_in_cargo="0" count_in_player="0" crafted="0" deloot="0" />
    <usage />
    <value user="Tier34" />
    <category name="bags" />
    <tag name="military" />
  </type>
  <type name="dzn_bandana_wintercamopattern">
    <nominal>5</nominal>
    <min>3</min>
    <lifetime>1800</lifetime>
    <restock>0</restock>
    <quantmin>-1</quantmin>
    <quantmax>-1</quantmax>
    <cost>100</cost>
    <flags count_in_map="1" count_in_hoarder="0" count_in_cargo="0" count_in_player="0" crafted="0" deloot="0" />
    <usage />
    <value />
    <category name="clothes" />
    <tag name="civilian" />
    <tag name="military" />
    <tag name="hunting" />
  </type>
  <type name="dzn_gorkahood_flat">
    <nominal>6</nominal>
    <min>4</min>
    <lifetime>1800</lifetime>
    <restock>0</restock>
    <quantmin>-1</quantmin>
    <quantmax>-1</quantmax>
    <cost>100</cost>
    <flags count_in_map="1" count_in_hoarder="0" count_in_cargo="0" count_in_player="0" crafted="0" deloot="0" />
    <usage />
    <value user="Tier12" />
    <category name="clothes" />
    <tag name="military" />
  </type>
  <type name="dzn_gorkahood_autumn">
    <nominal>6</nominal>
    <min>4</min>
    <lifetime>1800</lifetime>
    <restock>0</restock>
    <quantmin>-1</quantmin>
    <quantmax>-1</quantmax>
    <cost>100</cost>
    <flags count_in_map="1" count_in_hoarder="0" count_in_cargo="0" count_in_player="0" crafted="0" deloot="0" />
    <usage />
    <value user="Tier23" />
    <category name="clothes" />
    <tag name="military" />
  </type>
  <type name="dzn_gorkahood_pautrev">
    <nominal>6</nominal>
    <min>4</min>
    <lifetime>1800</lifetime>
    <restock>0</restock>
    <quantmin>-1</quantmin>
    <quantmax>-1</quantmax>
    <cost>100</cost>
    <flags count_in_map="1" count_in_hoarder="0" count_in_cargo="0" count_in_player="0" crafted="0" deloot="0" />
    <usage />
    <value user="Tier12" />
    <category name="clothes" />
    <tag name="military" />
  </type>
  <type name="dzn_gorkahood_winter">
    <nominal>2</nominal>
    <min>1</min>
    <lifetime>1800</lifetime>
    <restock>500</restock>
    <quantmin>-1</quantmin>
    <quantmax>-1</quantmax>
    <cost>100</cost>
    <flags count_in_map="1" count_in_hoarder="0" count_in_cargo="0" count_in_player="0" crafted="0" deloot="0" />
    <usage />
    <value user="Tier34" />
    <category name="clothes" />
    <tag name="military" />
  </type>
  <type name="dzn_sumrakhood_coldw">
    <nominal>3</nominal>
    <min>1</min>
    <lifetime>1800</lifetime>
    <restock>300</restock>
    <quantmin>-1</quantmin>
    <quantmax>-1</quantmax>
    <cost>100</cost>
    <flags count_in_map="1" count_in_hoarder="0" count_in_cargo="0" count_in_player="0" crafted="0" deloot="0" />
    <usage />
    <value user="Tier34" />
    <category name="clothes" />
    <tag name="military" />
  </type>
  <type name="dzn_yegerhood_coldw">
    <nominal>3</nominal>
    <min>1</min>
    <lifetime>1800</lifetime>
    <restock>300</restock>
    <quantmin>-1</quantmin>
    <quantmax>-1</quantmax>
    <cost>100</cost>
    <flags count_in_map="1" count_in_hoarder="0" count_in_cargo="0" count_in_player="0" crafted="0" deloot="0" />
    <usage />
    <value user="Tier34" />
    <category name="clothes" />
    <tag name="military" />
  </type>
  <type name="dzn_yegerhood_woodl">
    <nominal>3</nominal>
    <min>1</min>
    <lifetime>1800</lifetime>
    <restock>0</restock>
    <quantmin>-1</quantmin>
    <quantmax>-1</quantmax>
    <cost>100</cost>
    <flags count_in_map="1" count_in_hoarder="0" count_in_cargo="0" count_in_player="0" crafted="0" deloot="0" />
    <usage />
    <value user="Tier23" />
    <category name="clothes" />
    <tag name="military" />
  </type>
  <type name="dzn_milberet_red">
    <nominal>5</nominal>
    <min>2</min>
    <lifetime>1800</lifetime>
    <restock>0</restock>
    <quantmin>-1</quantmin>
    <quantmax>-1</quantmax>
    <cost>100</cost>
    <flags count_in_map="1" count_in_hoarder="0" count_in_cargo="0" count_in_player="0" crafted="0" deloot="0" />
    <usage />
    <value />
    <category name="clothes" />
    <tag name="military" />
  </type>
  <type name="dzn_milberet_blue">
    <nominal>5</nominal>
    <min>2</min>
    <lifetime>1800</lifetime>
    <restock>0</restock>
    <quantmin>-1</quantmin>
    <quantmax>-1</quantmax>
    <cost>100</cost>
    <flags count_in_map="1" count_in_hoarder="0" count_in_cargo="0" count_in_player="0" crafted="0" deloot="0" />
    <usage />
    <value />
    <category name="clothes" />
    <tag name="military" />
  </type>
  <type name="dzn_milberet_green">
    <nominal>5</nominal>
    <min>2</min>
    <lifetime>1800</lifetime>
    <restock>0</restock>
    <quantmin>-1</quantmin>
    <quantmax>-1</quantmax>
    <cost>100</cost>
    <flags count_in_map="1" count_in_hoarder="0" count_in_cargo="0" count_in_player="0" crafted="0" deloot="0" />
    <usage />
    <value />
    <category name="clothes" />
    <tag name="military" />
  </type>
  <type name="dzn_milberet_black">
    <nominal>5</nominal>
    <min>2</min>
    <lifetime>1800</lifetime>
    <restock>0</restock>
    <quantmin>-1</quantmin>
    <quantmax>-1</quantmax>
    <cost>100</cost>
    <flags count_in_map="1" count_in_hoarder="0" count_in_cargo="0" count_in_player="0" crafted="0" deloot="0" />
    <usage />
    <value />
    <category name="clothes" />
    <tag name="military" />
  </type>
  <type name="dzn_milberet_specnaz">
    <nominal>5</nominal>
    <min>2</min>
    <lifetime>1800</lifetime>
    <restock>0</restock>
    <quantmin>-1</quantmin>
    <quantmax>-1</quantmax>
    <cost>100</cost>
    <flags count_in_map="1" count_in_hoarder="0" count_in_cargo="0" count_in_player="0" crafted="0" deloot="0" />
    <usage />
    <value />
    <category name="clothes" />
    <tag name="military" />
  </type>
  <type name="dzn_BallisticHelmet_White">
    <nominal>5</nominal>
    <min>2</min>
    <lifetime>1800</lifetime>
    <restock>0</restock>
    <quantmin>-1</quantmin>
    <quantmax>-1</quantmax>
    <cost>100</cost>
    <flags count_in_map="1" count_in_hoarder="0" count_in_cargo="0" count_in_player="0" crafted="0" deloot="0" />
    <usage />
    <value />
    <category name="clothes" />
    <tag name="military" />
  </type>
  <type name="dzn_GorkaHelmet_White">
    <nominal>5</nominal>
    <min>2</min>
    <lifetime>1800</lifetime>
    <restock>0</restock>
    <quantmin>-1</quantmin>
    <quantmax>-1</quantmax>
    <cost>100</cost>
    <flags count_in_map="1" count_in_hoarder="0" count_in_cargo="0" count_in_player="0" crafted="0" deloot="0" />
    <usage />
    <value />
    <category name="clothes" />
    <tag name="police" />
    <tag name="military" />
  </type>
  <type name="dzn_att_ghillie_winter">
    <nominal>3</nominal>
    <min>2</min>
    <lifetime>1800</lifetime>
    <restock>500</restock>
    <quantmin>-1</quantmin>
    <quantmax>-1</quantmax>
    <cost>100</cost>
    <flags count_in_map="1" count_in_hoarder="0" count_in_cargo="0" count_in_player="0" crafted="0" deloot="0" />
    <usage />
    <value />
    <category name="clothes" />
    <tag name="military" />
  </type>
  <type name="dzn_att_ghillie_tandark">
    <nominal>3</nominal>
    <min>2</min>
    <lifetime>1800</lifetime>
    <restock>500</restock>
    <quantmin>-1</quantmin>
    <quantmax>-1</quantmax>
    <cost>100</cost>
    <flags count_in_map="1" count_in_hoarder="0" count_in_cargo="0" count_in_player="0" crafted="0" deloot="0" />
    <usage />
    <value />
    <category name="clothes" />
    <tag name="military" />
  </type>
  <type name="dzn_ghilliebushragwinter">
    <nominal>1</nominal>
    <min>1</min>
    <lifetime>1800</lifetime>
    <restock>1800</restock>
    <quantmin>-1</quantmin>
    <quantmax>-1</quantmax>
    <cost>100</cost>
    <flags count_in_map="1" count_in_hoarder="0" count_in_cargo="0" count_in_player="0" crafted="0" deloot="0" />
    <usage />
    <value />
    <category name="clothes" />
    <tag name="military" />
  </type>
  <type name="dzn_ghilliebushragtandark">
    <nominal>2</nominal>
    <min>2</min>
    <lifetime>1800</lifetime>
    <restock>1800</restock>
    <quantmin>-1</quantmin>
    <quantmax>-1</quantmax>
    <cost>100</cost>
    <flags count_in_map="1" count_in_hoarder="0" count_in_cargo="0" count_in_player="0" crafted="0" deloot="0" />
    <usage />
    <value />
    <category name="clothes" />
    <tag name="military" />
  </type>
  <type name="dzn_ghillietopwinter">
    <nominal>1</nominal>
    <min>1</min>
    <lifetime>1800</lifetime>
    <restock>1800</restock>
    <quantmin>-1</quantmin>
    <quantmax>-1</quantmax>
    <cost>100</cost>
    <flags count_in_map="1" count_in_hoarder="0" count_in_cargo="0" count_in_player="0" crafted="0" deloot="0" />
    <usage />
    <value />
    <category name="clothes" />
    <tag name="military" />
  </type>
  <type name="dzn_ghillietoptandark">
    <nominal>2</nominal>
    <min>2</min>
    <lifetime>1800</lifetime>
    <restock>1800</restock>
    <quantmin>-1</quantmin>
    <quantmax>-1</quantmax>
    <cost>100</cost>
    <flags count_in_map="1" count_in_hoarder="0" count_in_cargo="0" count_in_player="0" crafted="0" deloot="0" />
    <usage />
    <value />
    <category name="clothes" />
    <tag name="military" />
  </type>  
  <type name="dzn_ghilliesuitwinter">
    <nominal>1</nominal>
    <min>1</min>
    <lifetime>1800</lifetime>
    <restock>3600</restock>
    <quantmin>-1</quantmin>
    <quantmax>-1</quantmax>
    <cost>100</cost>
    <flags count_in_map="1" count_in_hoarder="0" count_in_cargo="0" count_in_player="0" crafted="0" deloot="0" />
    <usage />
    <value />
    <category name="clothes" />
    <tag name="military" />
  </type>
  <type name="dzn_ghilliesuittandark">
    <nominal>2</nominal>
    <min>2</min>
    <lifetime>1800</lifetime>
    <restock>3600</restock>
    <quantmin>-1</quantmin>
    <quantmax>-1</quantmax>
    <cost>100</cost>
    <flags count_in_map="1" count_in_hoarder="0" count_in_cargo="0" count_in_player="0" crafted="0" deloot="0" />
    <usage />
    <value />
    <category name="clothes" />
    <tag name="military" />
  </type>
  <type name="dzn_ghilliehoodwinter">
    <nominal>1</nominal>
    <min>1</min>
    <lifetime>1800</lifetime>
    <restock>1800</restock>
    <quantmin>-1</quantmin>
    <quantmax>-1</quantmax>
    <cost>100</cost>
    <flags count_in_map="1" count_in_hoarder="0" count_in_cargo="0" count_in_player="0" crafted="0" deloot="0" />
    <usage />
    <value />
    <category name="clothes" />
    <tag name="military" />
  </type>
  <type name="dzn_ghilliehoodtandark">
    <nominal>2</nominal>
    <min>2</min>
    <lifetime>1800</lifetime>
    <restock>1800</restock>
    <quantmin>-1</quantmin>
    <quantmax>-1</quantmax>
    <cost>100</cost>
    <flags count_in_map="1" count_in_hoarder="0" count_in_cargo="0" count_in_player="0" crafted="0" deloot="0" />
    <usage />
    <value />
    <category name="clothes" />
    <tag name="military" />
  </type>
  <type name="dzn_meme_banana">
    <lifetime>2700</lifetime>
    <flags count_in_cargo="0" count_in_hoarder="0" count_in_map="1" count_in_player="0" crafted="1" deloot="0" /> 
  </type>
  <type name="dzn_snowball_large">
    <lifetime>500</lifetime>
    <flags count_in_cargo="0" count_in_hoarder="0" count_in_map="1" count_in_player="0" crafted="1" deloot="0" /> 
  </type>
  <type name="dzn_snowball_medium">
    <lifetime>500</lifetime>
    <flags count_in_cargo="0" count_in_hoarder="0" count_in_map="1" count_in_player="0" crafted="1" deloot="0" /> 
  </type>
  <type name="dzn_snowball_small">
    <lifetime>500</lifetime>
    <flags count_in_cargo="0" count_in_hoarder="0" count_in_map="1" count_in_player="0" crafted="1" deloot="0" /> 
  </type>
  <type name="dzn_BakedBeansCan_Opened">
    <lifetime>900</lifetime>
    <flags count_in_cargo="0" count_in_hoarder="0" count_in_map="1" count_in_player="0" crafted="1" deloot="0" /> 
  </type>
  <type name="dzn_PeachesCan_Opened">
    <lifetime>900</lifetime>
    <flags count_in_cargo="0" count_in_hoarder="0" count_in_map="1" count_in_player="0" crafted="1" deloot="0" /> 
  </type>
  <type name="dzn_SpaghettiCan_Opened">
    <lifetime>900</lifetime>
    <flags count_in_cargo="0" count_in_hoarder="0" count_in_map="1" count_in_player="0" crafted="1" deloot="0" /> 
  </type>
  <type name="dzn_SardinesCan_Opened">
    <lifetime>900</lifetime>
    <flags count_in_cargo="0" count_in_hoarder="0" count_in_map="1" count_in_player="0" crafted="1" deloot="0" /> 
  </type>
  <type name="dzn_TunaCan_Opened">
    <lifetime>900</lifetime>
    <flags count_in_cargo="0" count_in_hoarder="0" count_in_map="1" count_in_player="0" crafted="1" deloot="0" /> 
  </type>
  <type name="dzn_UnknownFoodCan_Opened">
    <lifetime>900</lifetime>
    <flags count_in_cargo="0" count_in_hoarder="0" count_in_map="1" count_in_player="0" crafted="1" deloot="0" /> 
  </type>
  <type name="dzn_DogFoodCan_Opened">
    <lifetime>900</lifetime>
    <flags count_in_cargo="0" count_in_hoarder="0" count_in_map="1" count_in_player="0" crafted="1" deloot="0" /> 
  </type>
  <type name="dzn_CatFoodCan_Opened">
    <lifetime>900</lifetime>
    <flags count_in_cargo="0" count_in_hoarder="0" count_in_map="1" count_in_player="0" crafted="1" deloot="0" /> 
  </type>
  <type name="dzn_PorkCan_Opened">
    <lifetime>900</lifetime>
    <flags count_in_cargo="0" count_in_hoarder="0" count_in_map="1" count_in_player="0" crafted="1" deloot="0" /> 
  </type>
  <type name="dzn_Lunchmeat_Opened">
    <lifetime>900</lifetime>
    <flags count_in_cargo="0" count_in_hoarder="0" count_in_map="1" count_in_player="0" crafted="1" deloot="0" /> 
  </type>
  <type name="dzn_Pajka_Opened">
    <lifetime>900</lifetime>
    <flags count_in_cargo="0" count_in_hoarder="0" count_in_map="1" count_in_player="0" crafted="1" deloot="0" /> 
  </type>
  <type name="dzn_Pate_Opened">
    <lifetime>900</lifetime>
    <flags count_in_cargo="0" count_in_hoarder="0" count_in_map="1" count_in_player="0" crafted="1" deloot="0" /> 
  </type>
  <type name="dzn_BrisketSpread_Opened">
    <lifetime>900</lifetime>
    <flags count_in_cargo="0" count_in_hoarder="0" count_in_map="1" count_in_player="0" crafted="1" deloot="0" /> 
  </type>
</types>