<?xml version="1.0" encoding="UTF-8" standalone="yes"?>
<user_lists>
    <usageflags />
    <valueflags>
        <user name="Tier1">
            <value name="Tier1" />
        </user>
        <user name="Tier2">
            <value name="Tier2" />
        </user>
        <user name="Tier3">
            <value name="Tier3" />
        </user>
        <user name="Tier4">
            <value name="Tier4" />
        </user>
        <user name="Tier5">
            <value name="Tier5" />
        </user>
        <user name="Tier6">
            <value name="Tier6" />
        </user>
        <user name="Tier7">
            <value name="Tier7" />
        </user>
        <user name="Tier12">
            <value name="Tier1" />
            <value name="Tier2" />
        </user>
        <user name="Tier23">
            <value name="Tier2" />
            <value name="Tier3" />
        </user>
        <user name="Tier34">
            <value name="Tier3" />
            <value name="Tier4" />
        </user>
        <user name="Tier45">
            <value name="Tier4" />
            <value name="Tier5" />
        </user>
        <user name="Tier46">
            <value name="Tier4" />
            <value name="Tier6" />
        </user>
        <user name="Tier67">
            <value name="Tier6" />
            <value name="Tier7" />
        </user>
        <user name="Tier123">
            <value name="Tier1" />
            <value name="Tier2" />
            <value name="Tier3" />
        </user>
        <user name="Tier234">
            <value name="Tier2" />
            <value name="Tier3" />
            <value name="Tier4" />
        </user>
        <user name="Tier345">
            <value name="Tier3" />
            <value name="Tier4" />
            <value name="Tier5" />
        </user>
        <user name="Tier567">
            <value name="Tier5" />
            <value name="Tier6" />
            <value name="Tier7" />
        </user>
        <user name="Tier1234">
            <value name="Tier1" />
            <value name="Tier2" />
            <value name="Tier3" />
            <value name="Tier4" />
        </user>
    </valueflags>
</user_lists>