<?xml version="1.0" encoding="UTF-8" standalone="yes"?>
<lists>
    <categories>
        <category name="rifles" />
        <category name="pistols" />
        <category name="weapons" />
        <category name="explosives" />
        <category name="tools" />
        <category name="lore" />
        <category name="food" />
        <category name="containers" />
        <category name="clothes" />
        <category name="bags" />
        <category name="lantia" />
    </categories>
    <tags>
        <tag name="military" />
        <tag name="civilian" />
        <tag name="hunting" />
        <tag name="police" />
        <tag name="industrial" />
        <tag name="farm" />
        <tag name="medical" />
        <tag name="firefighter" />
        <tag name="fishing" />
        <tag name="seaice" />
        <tag name="seasonalevent" />
    </tags>
    <usageflags />
    <valueflags>
        <value name="Tier1"/>
        <value name="Tier2"/>
        <value name="Tier3"/>
        <value name="Tier4"/>
        <value name="Tier5"/>
        <value name="Tier6"/>
        <value name="Tier7"/>
    </valueflags>
</lists>
