<?xml version="1.0" encoding="UTF-8" standalone="yes"?>
<playerspawnpoints>
    <fresh>
        <spawn_params>
            <min_dist_infected>30.0</min_dist_infected>
            <max_dist_infected>70.0</max_dist_infected>
            <min_dist_player>25.0</min_dist_player>
            <max_dist_player>70.0</max_dist_player>
            <min_dist_static>0.5</min_dist_static>
            <max_dist_static>2.0</max_dist_static>
        </spawn_params>

        <generator_params>
            <grid_density>8</grid_density>
            <grid_width>40.0</grid_width>
            <grid_height>40.0</grid_height>
            <min_dist_static>0.5</min_dist_static>
            <max_dist_static>2.0</max_dist_static>
            <min_steepness>-45</min_steepness>
            <max_steepness>45</max_steepness>
        </generator_params>

        <generator_posbubbles>
            <pos x="6065.633301" z="11802.081056" />
            <pos x="4182.806152" z="11026.343751" />
            <pos x="5102.774414" z="11307.583009" />
            <pos x="4363.229004" z="10578.997071" />
            <pos x="5893.664063" z="11701.487306" />
            <pos x="4186.65332" z="10754.750977" />
            <pos x="4990.819336" z="11358.180665" />
            <pos x="4776.312988" z="11213.697267" />
            <pos x="6363.358887" z="11921.189454" />
            <pos x="5008.676269" z="11099.361329" />
            <pos x="6191.775878" z="11905.884766" />
            <pos x="6551.474609" z="12022.769532" />
            <pos x="7021.543457" z="11899.945313" />
            <pos x="7195.662109" z="11889.191407" />
            <pos x="7569.946777" z="11759.802735" />
            <pos x="7350.411133" z="11869.25879" />
            <pos x="6806.222655" z="11952.764648" />
            <pos x="7085.195313" z="11819.078126" />
            <pos x="7685.681641" z="11798.021485" />
            <pos x="8443.777344" z="11350.495118" />
            <pos x="8243.633789" z="11459.44922" />
            <pos x="7873.843262" z="11650.453126" />
            <pos x="8049.722657" z="11559.525391" />
            <pos x="8635.306641" z="11129.913087" />
            <pos x="8884.483398" z="10614.400391" />
            <pos x="4563.571289" z="10352.198243" />
            <pos x="8683.462891" z="10903.001954" />
            <pos x="7579.916504" z="9994.131837" />
            <pos x="8446.169922" z="10026.16797" />
            <pos x="7920.567871" z="10107.776368" />
            <pos x="8205.793945" z="10027.531251" />
            <pos x="8667.195313" z="9835.807618" />
            <pos x="8949.00293" z="9876.775391" />
            <pos x="9059.648438" z="10387.413087" />
            <pos x="8566.15886" z="9989.34782" />
            <pos x="8783.59375" z="9900.031251" />
            <pos x="6649.1875" z="11966.312501" />
            <pos x="8577.1875" z="11202.468751" />
            <pos x="8603.4375" z="11009.906251" />
            <pos x="8982.53125" z="10480.906251" />
            <pos x="9127.53125" z="10233.687501" />
            <pos x="8146.71875" z="10172.000001" />
            <pos x="8775.625" z="10812.937501" />
        </generator_posbubbles>
    </fresh>
</playerspawnpoints>