<?xml version="1.0" encoding="UTF-8" standalone="yes"?>
<prototype>
		<clusters>
<!--  -->
			<export name="PathD_02k" shape="dz\structures_bliss\roads\parts\mudenoch_0 2000.p3d" />
			<export name="PathD_11k" shape="dz\structures_bliss\roads\parts\mudenoch_1 1000.p3d" />
			<export name="PathD_10100" shape="dz\structures_bliss\roads\parts\mudenoch_10 100.p3d" />
			<export name="PathD_1025" shape="dz\structures_bliss\roads\parts\mudenoch_10 25.p3d" />
			<export name="PathD_1050" shape="dz\structures_bliss\roads\parts\mudenoch_10 50.p3d" />
			<export name="PathD_1075" shape="dz\structures_bliss\roads\parts\mudenoch_10 75.p3d" />
			<export name="PathD_12" shape="dz\structures_bliss\roads\parts\mudenoch_12.p3d" />
			<export name="PathD_1575" shape="dz\structures_bliss\roads\parts\mudenoch_15 75.p3d" />
			<export name="PathD_2250" shape="dz\structures_bliss\roads\parts\mudenoch_22 50.p3d" />
			<export name="PathD_25" shape="dz\structures_bliss\roads\parts\mudenoch_25.p3d" />
			<export name="PathD_3025" shape="dz\structures_bliss\roads\parts\mudenoch_30 25.p3d" />
			<export name="PathD_6" shape="dz\structures_bliss\roads\parts\mudenoch_6.p3d" />
			<export name="PathD_6010" shape="dz\structures_bliss\roads\parts\mudenoch_60 10.p3d" />
			<export name="PathD_6ko" shape="dz\structures_bliss\roads\parts\mudenoch_6konec.p3d" />
			<export name="PathD_7100" shape="dz\structures_bliss\roads\parts\mudenoch_7 100.p3d" />
<!-- -->
			<export name="PiceaAbies_fallend" shape="dz\plants_bliss\tree\d_piceaabies_fallend.p3d" />
			<export name="PiceaAbies_fallene" shape="dz\plants_bliss\tree\d_piceaabies_fallene.p3d" />
			<export name="PiceaAbies_stumpc" shape="dz\plants_bliss\tree\d_piceaabies_stumpc.p3d" />
			<export name="PiceaAbies_stumpd" shape="dz\plants_bliss\tree\d_piceaabies_stumpd.p3d" />
			<export name="PiceaAbies_2d" shape="dz\plants\tree\t_piceaabies_2d.p3d" />
			<export name="PiceaAbies_3d" shape="dz\plants\tree\t_piceaabies_3d.p3d" />
<!-- -->
			<export name="PinusSylvestris_3d_Summer" shape="dz\plants_bliss\tree\t_pinussylvestris_3d_summer.p3d" />
<!-- -->
			<export name="FagusSylvatica_2d_Summer" shape="dz\plants_bliss\tree\t_fagussylvatica_2d_summer.p3d" />
			<export name="FagusSylvatica_3d" shape="dz\plants\tree\t_FagusSylvatica_3d.p3d" />
			<export name="FagusSylvatica_stumpB" shape="dz\plants\tree\d_FagusSylvatica_stumpB.p3d" />
			<export name="FagusSylvatica_stumpC" shape="dz\plants\tree\d_FagusSylvatica_stumpc.p3d" />
			<export name="FagusSylvatica_fallen" shape="dz\plants\tree\d_FagusSylvatica_fallen.p3d" />
			<export name="FagusSylvatica_fallenB" shape="dz\plants\tree\d_FagusSylvatica_fallenB.p3d" />
			<export name="FagusSylvatica_fallenC" shape="dz\plants\tree\d_FagusSylvatica_fallenC.p3d" />
<!-- -->
			<export name="BetulaPendula_fallen" shape="dz\plants_bliss\tree\d_betulapendula_fallen.p3d" />
			<export name="BetulaPendula_stump" shape="dz\plants_bliss\tree\d_betulapendula_stump.p3d" />
<!-- -->
			<export name="Haybale" shape="dz\structures\industrial\misc\misc_haybale.p3d" />
			<export name="HaybaleDecayed" shape="dz\structures\industrial\misc\misc_haybale_decayed.p3d" />
			<export name="Strawstack" shape="dz\structures\industrial\farms\farm_strawstack.p3d" />
			<export name="Manurepile" shape="dz\structures_bliss\industrial\farms\farm_manurepile.p3d" />
			
			<export name="quarryenoch_12" shape="DZ\structures_bliss\Roads\Parts\quarryenoch_12.p3d" />
			<export name="quarryenoch_15_75" shape="DZ\structures_bliss\Roads\Parts\quarryenoch_15 75.p3d" />
			<export name="quarryenoch_22_50" shape="DZ\structures_bliss\Roads\Parts\quarryenoch_22 50.p3d" />
			<export name="quarryenoch_25" shape="DZ\structures_bliss\Roads\Parts\quarryenoch_25.p3d" />
			<export name="quarryenoch_30_25" shape="DZ\structures_bliss\Roads\Parts\quarryenoch_30 25.p3d" />
			<export name="quarryenoch_60_10" shape="DZ\structures_bliss\Roads\Parts\quarryenoch_60 10.p3d" />
			<export name="quarryenoch_0_2000" shape="DZ\structures_bliss\Roads\Parts\quarryenoch_0 2000.p3d" />
			<export name="quarryenoch_1_1000" shape="DZ\structures_bliss\Roads\Parts\quarryenoch_1 1000.p3d" />
			<export name="quarryenoch_6" shape="DZ\structures_bliss\Roads\Parts\quarryenoch_6.p3d" />
			<export name="quarryenoch_6konec" shape="DZ\structures_bliss\Roads\Parts\quarryenoch_6konec.p3d" />
			<export name="quarryenoch_7_100" shape="DZ\structures_bliss\Roads\Parts\quarryenoch_7 100.p3d" />
			<export name="quarryenoch_10_25" shape="DZ\structures_bliss\Roads\Parts\quarryenoch_10 25.p3d" />
			<export name="quarryenoch_10_50" shape="DZ\structures_bliss\Roads\Parts\quarryenoch_10 50.p3d" />
			<export name="quarryenoch_10_75" shape="DZ\structures_bliss\Roads\Parts\quarryenoch_10 75.p3d" />
			<export name="quarryenoch_10_100" shape="DZ\structures_bliss\Roads\Parts\quarryenoch_10 100.p3d" />
		</clusters>

<!--Groups -->
<!--Mushrooms - Coniferous -->
		<cluster name="PiceaAbies_fallend" lootmax="2" maxinstances="155">
			<de name="TrajectoryConiferous" />
			<container name="branch" lootmax="1" >
				<point pos="1.50 -0.10 0.12" range="0.30" height="0.43" flags="32" />
				<point pos="-1.73 -0.10 0.55" range="0.30" height="0.43" flags="32" />
				<point pos="0.71 0.10 2.97" range="0.30" height="0.43" flags="32" />
				<point pos="-0.94 -0.10 -1.23" range="0.30" height="0.43" flags="32" />
				<point pos="0.82 -0.10 -2.33" range="0.30" height="0.43" flags="32" />
				<point pos="-0.98 -0.10 2.12" range="0.30" height="0.43" flags="32" />
				<point pos="-1.12 -0.10 4.11" range="0.30" height="0.43" flags="32" />
				<point pos="0.71 -0.10 0.98" range="0.30" height="0.43" flags="32" />
				<point pos="-1.99 -0.10 2.88" range="0.30" height="0.43" flags="32" />
			</container>
		</cluster>
		<cluster name="PiceaAbies_fallene" lootmax="2" maxinstances="155">
			<de name="TrajectoryConiferous" />
			<container name="branch" lootmax="1">
				<point pos="1.046 -0.55 0.78" range="0.30" height="0.43" flags="32" />
				<point pos="-1.25 -0.55 1.09" range="0.30" height="0.43" flags="32" />
				<point pos="-1.28 -0.55 -0.75" range="0.30" height="0.43" flags="32" />
				<point pos="0.77 -0.55 1.88" range="0.30" height="0.43" flags="32" />
				<point pos="1.04 -0.55 -0.30" range="0.30" height="0.43" flags="32" />
				<point pos="0.34 -0.55 -1.01" range="0.30" height="0.43" flags="32" />
				<point pos="-1.02 -0.55 2.42" range="0.30" height="0.43" flags="32" />
			</container>
		</cluster>
		<cluster name="PiceaAbies_stumpc" lootmax="2" maxinstances="155">
			<de name="TrajectoryConiferous" />
			<container name="branch" lootmax="1">
				<point pos="1.50 -0.55 0.12" range="0.30" height="0.43" flags="32" />
				<point pos="-0.53 -0.55 0.56" range="0.30" height="0.43" flags="32" />
				<point pos="0.55 -0.55 1.09" range="0.30" height="0.43" flags="32" />
				<point pos="-0.15 -0.55 -1.33" range="0.30" height="0.43" flags="32" />
			</container>
		</cluster>
		<cluster name="PiceaAbies_stumpd" lootmax="2" maxinstances="155">
			<de name="TrajectoryConiferous" />
			<container name="branch" lootmax="1">
				<point pos="1.50 -0.10 0.12" range="0.30" height="0.43" flags="32" />
				<point pos="-0.10 -0.10 -1.50" range="0.30" height="0.43" flags="32" />
				<point pos="1.55 -0.10 -0.77" range="0.30" height="0.43" flags="32" />
				<point pos="-0.85 -0.10 1.03" range="0.30" height="0.43" flags="32" />
				<point pos="0.80 -0.10 1.34" range="0.30" height="0.43" flags="32" />
			</container>
		</cluster>
		<cluster name="PiceaAbies_2d" lootmax="2" maxinstances="155">
			<de name="TrajectoryConiferous" />
			<container name="branch" lootmax="1">
				<point pos="1.50 -6.50 0.12" range="0.30" height="0.43" flags="32" />
				<point pos="-0.04 -6.50 -1.21" range="0.30" height="0.43" flags="32" />
				<point pos="0.75 -6.50 0.54" range="0.30" height="0.43" flags="32" />
				<point pos="-1.20 -6.50 -0.79" range="0.30" height="0.43" flags="32" />
				<point pos="-0.78 -6.50 1.10" range="0.30" height="0.43" flags="32" />
				<point pos="0.80 -6.50 -1.43" range="0.30" height="0.43" flags="32" />
			</container>
		</cluster>
		<cluster name="PiceaAbies_3d" lootmax="2" maxinstances="155">
			<de name="TrajectoryConiferous" />
			<container name="branch" lootmax="1">
				<point pos="-1.24 -8.316101 0.91" range="0.30" height="0.43" flags="32" />
				<point pos="1.06 -8.475800 1.13" range="0.30" height="0.43" flags="32" />
				<point pos="1.37 -8.135956 -1.20" range="0.30" height="0.43" flags="32" />
				<point pos="-1.17 -8.151123 -0.27" range="0.30" height="0.43" flags="32" />
			</container>
		</cluster>
		<cluster name="PinusSylvestris_3d_Summer" lootmax="2" maxinstances="155">
			<de name="TrajectoryConiferous" />
			<container name="branch" lootmax="1">
				<point pos="1.97 -09.90 0.09" range="0.30" height="0.43" flags="32" />
				<point pos="-0.28 -09.90 -1.79" range="0.30" height="0.43" flags="32" />
				<point pos="-1.86 -09.90 -0.21" range="0.30" height="0.43" flags="32" />
				<point pos="-0.05 -09.90 2.08" range="0.30" height="0.43" flags="32" />
			</container>
		</cluster>
<!--Mushrooms - Deciduous -->
		<cluster name="FagusSylvatica_2d_Summer" lootmax="2" maxinstances="155">
			<de name="TrajectoryDeciduous" />
			<container name="branch" lootmax="1">
				<point pos="-2.64 -7.10 0.29" range="0.30" height="0.43" flags="32" />
				<point pos="-1.26 -7.10 1.96" range="0.30" height="0.43" flags="32" />
				<point pos="-0.33 -7.10 1.43" range="0.30" height="0.43" flags="32" />
				<point pos="-2.56 -7.10 -1.01" range="0.30" height="0.43" flags="32" />
				<point pos="-0.60 -7.10 -1.86" range="0.30" height="0.43" flags="32" />
			</container>
		</cluster>
		<cluster name="FagusSylvatica_3d" lootmax="2" maxinstances="155">
			<de name="TrajectoryDeciduous" />
			<container name="branch" lootmax="1">
				<point pos="-0.47 -7.80 -1.64" range="0.30" height="0.43" flags="32" />
				<point pos="-0.91 -7.80 -0.02" range="0.30" height="0.43" flags="32" />
				<point pos="-0.64 -7.80 0.72" range="0.30" height="0.43" flags="32" />
				<point pos="0.20 -7.80 1.04" range="0.30" height="0.43" flags="32" />
				<point pos="1.10 -7.80 0.54" range="0.30" height="0.43" flags="32" />
				<point pos="1.17 -7.80 -1.30" range="0.30" height="0.43" flags="32" />
			</container>
		</cluster>
		<cluster name="FagusSylvatica_stumpB" lootmax="2" maxinstances="155">
			<de name="TrajectoryDeciduous" />
			<container name="branch" lootmax="1">
				<point pos="-2.2 -0.55 0.15" range="0.30" height="0.43" flags="32" />
				<point pos="-1.53 -0.55 -2.02" range="0.30" height="0.43" flags="32" />
				<point pos="0.45 -0.55 2.43" range="0.30" height="0.43" flags="32" />
				<point pos="0.42 -0.55 -2.97" range="0.30" height="0.43" flags="32" />
				<point pos="1.67 -0.55 1.29" range="0.30" height="0.43" flags="32" />
				<point pos="1.35 -0.55 -0.87" range="0.30" height="0.43" flags="32" />
			</container>
		</cluster>
		<cluster name="FagusSylvatica_stumpC" lootmax="2" maxinstances="155">
			<de name="TrajectoryDeciduous" />
			<container name="branch" lootmax="1">
				<point pos="-0.46 -0.10 0.98" range="0.30" height="0.43" flags="32" />
				<point pos="-1.09 -0.10 -0.80" range="0.30" height="0.43" flags="32" />
				<point pos="1.35 -0.10 0.35" range="0.30" height="0.43" flags="32" />
				<point pos="0.67 -0.10 -1.24" range="0.30" height="0.43" flags="32" />
			</container>
		</cluster>
		<cluster name="FagusSylvatica_fallen" lootmax="2" maxinstances="155">
			<de name="TrajectoryDeciduous" />
			<container name="branch" lootmax="1">
				<point pos="-1.30 -0.33 -1.25" range="0.30" height="0.43" flags="32" />
				<point pos="-1.54 -0.33 1.58" range="0.30" height="0.43" flags="32" />
				<point pos="-2.54 -0.33 3.77" range="0.30" height="0.43" flags="32" />
				<point pos="-2.07 -0.33 -4.62" range="0.30" height="0.43" flags="32" />
				<point pos="1.94 -0.33 -4.35" range="0.30" height="0.43" flags="32" />
				<point pos="1.35 -0.33 -1.46" range="0.30" height="0.43" flags="32" />
				<point pos="2.54 -0.33 2.62" range="0.30" height="0.43" flags="32" />
				<point pos="3.54 -0.33 6.16" range="0.30" height="0.43" flags="32" />
				<point pos="-3.17 -0.33 6.47" range="0.30" height="0.43" flags="32" />
			</container>
		</cluster>
		<cluster name="FagusSylvatica_fallenB" lootmax="2" maxinstances="155">
			<de name="TrajectoryDeciduous" />
			<container name="branch" lootmax="1">
				<point pos="0.96 -0.35 -2.03" range="0.30" height="0.43" flags="32" />
				<point pos="-1.29 -0.35 0.30" range="0.30" height="0.43" flags="32" />
				<point pos="1.16 -0.35 0.68" range="0.30" height="0.43" flags="32" />
			</container>
		</cluster>
		<cluster name="FagusSylvatica_fallenC" lootmax="2" maxinstances="155">
			<de name="TrajectoryDeciduous" />
			<container name="branch" lootmax="1">
				<point pos="0.52 -0.35 -1.04" range="0.30" height="0.43" flags="32" />
				<point pos="-1.77 -0.35 0.18" range="0.30" height="0.43" flags="32" />
				<point pos="0.89 -0.35 1.27" range="0.30" height="0.43" flags="32" />
				<point pos="-0.70 -0.35 2.16" range="0.30" height="0.43" flags="32" />
			</container>
		</cluster>
<!-- -->
		<cluster name="BetulaPendula_fallen" lootmax="2" maxinstances="155">
			<de name="TrajectoryDeciduous" />
			<container name="branch" lootmax="1">
				<point pos="0.44 -0.10 -0.14" range="0.30" height="0.43" flags="32" />
				<point pos="-1.29 -0.10 0.30" range="0.30" height="0.43" flags="32" />
				<point pos="0.55 -0.10 0.70" range="0.30" height="0.43" flags="32" />
				<point pos="0.46 -0.10 -1.23" range="0.30" height="0.43" flags="32" />
				<point pos="-0.66 -0.10 -1.18" range="0.30" height="0.43" flags="32" />
			</container>
		</cluster>
		<cluster name="BetulaPendula_stump" lootmax="2" maxinstances="155">
			<de name="TrajectoryDeciduous" />
			<container name="branch" lootmax="1">
				<point pos="1.16 -1.50 0.68" range="0.30" height="0.43" flags="32" />
				<point pos="0.17 -1.50 1.47" range="0.30" height="0.43" flags="32" />
				<point pos="-0.27 -1.50 -1.16" range="0.30" height="0.43" flags="32" />
				<point pos="1.40 -1.50 0.79" range="0.30" height="0.43" flags="32" />
				<point pos="0.99 -1.50 -0.71" range="0.30" height="0.43" flags="32" />
				<point pos="-0.92 -1.50 0.26" range="0.30" height="0.43" flags="32" />
			</container>
		</cluster>
<!--Mushrooms - HUMUS -->
		<cluster name="Haybale" lootmax="2" maxinstances="155">
			<de name="TrajectoryHumus" />
			<container name="branch" lootmax="1">
				<point pos="-0.01 -0.50 -1.40" range="0.30" height="0.43" flags="32" />
				<point pos="-0.00 -0.50 1.32" range="0.30" height="0.43" flags="32" />
				<point pos="-1.77 -0.50 0.12" range="0.30" height="0.43" flags="32" />
				<point pos="1.70 -0.50 0.14" range="0.30" height="0.43" flags="32" />
			</container>
		</cluster>
		<cluster name="Strawstack" lootmax="2" maxinstances="155">
			<de name="TrajectoryHumus" />
			<container name="branch" lootmax="1">
				<point pos="4.83 0.50 -2.29" range="0.30" height="0.43" flags="32" />
				<point pos="5.23 0.50 1.17" range="0.30" height="0.43" flags="32" />
				<point pos="-5.17 0.50 -2.63" range="0.30" height="0.43" flags="32" />
				<point pos="-5.47 0.50 1.67" range="0.30" height="0.43" flags="32" />
			</container>
		</cluster>
		<cluster name="HaybaleDecayed" lootmax="2" maxinstances="155">
			<de name="TrajectoryHumus" />
			<container name="branch" lootmax="1">
				<point pos="-0.01 -0.50 -1.40" range="0.30" height="0.43" flags="32" />
				<point pos="-0.00 -0.50 1.32" range="0.30" height="0.43" flags="32" />
				<point pos="-1.77 -0.50 0.12" range="0.30" height="0.43" flags="32" />
				<point pos="1.70 -0.50 0.14" range="0.30" height="0.43" flags="32" />
			</container>
		</cluster>
		<cluster name="Manurepile" lootmax="2" maxinstances="70">
			<de name="TrajectoryHumus" />
			<container name="branch" lootmax="1">
				<point pos="4.83 0.50 -2.29" range="0.30" height="0.43" flags="32" />
				<point pos="5.23 0.50 1.17" range="0.30" height="0.43" flags="32" />
				<point pos="-5.17 0.50 -2.63" range="0.30" height="0.43" flags="32" />
				<point pos="-5.47 0.50 1.67" range="0.30" height="0.43" flags="32" />
			</container>
		</cluster>
<!--STONES -->
		<cluster name="quarryenoch_0_2000" lootmax="2" maxinstances="30">
			<de name="TrajectoryStones" />
			<container name="road" lootmax="1">
				<point pos="4.75 -0.10 1.06" range="0.30" height="0.43" flags="32" />
				<point pos="-4.22 -0.10 -0.88" range="0.30" height="0.43" flags="32" />
				<point pos="1.23 -0.10 -0.94" range="0.30" height="0.43" flags="32" />
				<point pos="3.42 -0.10 -0.70" range="0.30" height="0.43" flags="32" />
				<point pos="-3.29 -0.10 0.85" range="0.30" height="0.43" flags="32" />
				<point pos="-1.13 -0.10 0.85" range="0.30" height="0.43" flags="32" />
			</container>
		</cluster>
		<cluster name="quarryenoch_1_1000" lootmax="2" maxinstances="30">
			<de name="TrajectoryStones" />
			<container name="road" lootmax="1">
				<point pos="4.75 -0.10 1.06" range="0.30" height="0.43" flags="32" />
				<point pos="-4.22 -0.10 -0.88" range="0.30" height="0.43" flags="32" />
				<point pos="1.23 -0.10 -0.94" range="0.30" height="0.43" flags="32" />
				<point pos="3.42 -0.10 -0.70" range="0.30" height="0.43" flags="32" />
				<point pos="-3.29 -0.10 0.85" range="0.30" height="0.43" flags="32" />
				<point pos="-1.13 -0.10 0.85" range="0.30" height="0.43" flags="32" />
			</container>
		</cluster>
		<cluster name="quarryenoch_6" lootmax="2" maxinstances="30">
			<de name="TrajectoryStones" />
			<container name="road" lootmax="1">
				<point pos="4.75 -0.10 1.06" range="0.30" height="0.43" flags="32" />
				<point pos="-4.22 -0.10 -0.88" range="0.30" height="0.43" flags="32" />
				<point pos="1.23 -0.10 -0.94" range="0.30" height="0.43" flags="32" />
				<point pos="3.42 -0.10 -0.70" range="0.30" height="0.43" flags="32" />
				<point pos="-3.29 -0.10 0.85" range="0.30" height="0.43" flags="32" />
				<point pos="-1.13 -0.10 0.85" range="0.30" height="0.43" flags="32" />
			</container>
		</cluster>
		<cluster name="quarryenoch_6konec" lootmax="2" maxinstances="30">
			<de name="TrajectoryStones" />
			<container name="road" lootmax="1">
				<point pos="4.75 -0.10 1.06" range="0.30" height="0.43" flags="32" />
				<point pos="-4.22 -0.10 -0.88" range="0.30" height="0.43" flags="32" />
				<point pos="1.23 -0.10 -0.94" range="0.30" height="0.43" flags="32" />
				<point pos="3.42 -0.10 -0.70" range="0.30" height="0.43" flags="32" />
				<point pos="-3.29 -0.10 0.85" range="0.30" height="0.43" flags="32" />
				<point pos="-1.13 -0.10 0.85" range="0.30" height="0.43" flags="32" />
			</container>
		</cluster>
		<cluster name="quarryenoch_7_100" lootmax="2" maxinstances="30">
			<de name="TrajectoryStones" />
			<container name="road" lootmax="1">
				<point pos="4.75 -0.10 1.06" range="0.30" height="0.43" flags="32" />
				<point pos="-4.22 -0.10 -0.88" range="0.30" height="0.43" flags="32" />
				<point pos="1.23 -0.10 -0.94" range="0.30" height="0.43" flags="32" />
				<point pos="3.42 -0.10 -0.70" range="0.30" height="0.43" flags="32" />
				<point pos="-3.29 -0.10 0.85" range="0.30" height="0.43" flags="32" />
				<point pos="-1.13 -0.10 0.85" range="0.30" height="0.43" flags="32" />
			</container>
		</cluster>
		<cluster name="quarryenoch_10_25" lootmax="2" maxinstances="30">
			<de name="TrajectoryStones" />
			<container name="road" lootmax="1">
				<point pos="4.75 -0.10 1.06" range="0.30" height="0.43" flags="32" />
				<point pos="-4.22 -0.10 -0.88" range="0.30" height="0.43" flags="32" />
				<point pos="1.23 -0.10 -0.94" range="0.30" height="0.43" flags="32" />
				<point pos="3.42 -0.10 -0.70" range="0.30" height="0.43" flags="32" />
				<point pos="-3.29 -0.10 0.85" range="0.30" height="0.43" flags="32" />
				<point pos="-1.13 -0.10 0.85" range="0.30" height="0.43" flags="32" />
			</container>
		</cluster>
		<cluster name="quarryenoch_10_50" lootmax="2" maxinstances="30">
			<de name="TrajectoryStones" />
			<container name="road" lootmax="1">
				<point pos="4.75 -0.10 1.06" range="0.30" height="0.43" flags="32" />
				<point pos="-4.22 -0.10 -0.88" range="0.30" height="0.43" flags="32" />
				<point pos="1.23 -0.10 -0.94" range="0.30" height="0.43" flags="32" />
				<point pos="3.42 -0.10 -0.70" range="0.30" height="0.43" flags="32" />
				<point pos="-3.29 -0.10 0.85" range="0.30" height="0.43" flags="32" />
				<point pos="-1.13 -0.10 0.85" range="0.30" height="0.43" flags="32" />
			</container>
		</cluster>
		<cluster name="quarryenoch_10_75" lootmax="2" maxinstances="30">
			<de name="TrajectoryStones" />
			<container name="road" lootmax="1">
				<point pos="4.75 -0.10 1.06" range="0.30" height="0.43" flags="32" />
				<point pos="-4.22 -0.10 -0.88" range="0.30" height="0.43" flags="32" />
				<point pos="1.23 -0.10 -0.94" range="0.30" height="0.43" flags="32" />
				<point pos="3.42 -0.10 -0.70" range="0.30" height="0.43" flags="32" />
				<point pos="-3.29 -0.10 0.85" range="0.30" height="0.43" flags="32" />
				<point pos="-1.13 -0.10 0.85" range="0.30" height="0.43" flags="32" />
			</container>
		</cluster>
		<cluster name="quarryenoch_10_100"lootmax="2" maxinstances="30">
			<de name="TrajectoryStones" />
			<container name="road" lootmax="1">
				<point pos="4.75 -0.10 1.06" range="0.30" height="0.43" flags="32" />
				<point pos="-4.22 -0.10 -0.88" range="0.30" height="0.43" flags="32" />
				<point pos="1.23 -0.10 -0.94" range="0.30" height="0.43" flags="32" />
				<point pos="3.42 -0.10 -0.70" range="0.30" height="0.43" flags="32" />
				<point pos="-3.29 -0.10 0.85" range="0.30" height="0.43" flags="32" />
				<point pos="-1.13 -0.10 0.85" range="0.30" height="0.43" flags="32" />
			</container>
		</cluster>
		<cluster name="quarryenoch_12"    lootmax="2" maxinstances="30">
			<de name="TrajectoryStones" />
			<container name="road" lootmax="1">
				<point pos="4.75 -0.10 1.06" range="0.30" height="0.43" flags="32" />
				<point pos="-4.22 -0.10 -0.88" range="0.30" height="0.43" flags="32" />
				<point pos="1.23 -0.10 -0.94" range="0.30" height="0.43" flags="32" />
				<point pos="3.42 -0.10 -0.70" range="0.30" height="0.43" flags="32" />
				<point pos="-3.29 -0.10 0.85" range="0.30" height="0.43" flags="32" />
				<point pos="-1.13 -0.10 0.85" range="0.30" height="0.43" flags="32" />
			</container>
		</cluster>
		<cluster name="quarryenoch_15_75" lootmax="2" maxinstances="30">
			<de name="TrajectoryStones" />
			<container name="road" lootmax="1">
				<point pos="4.75 -0.10 1.06" range="0.30" height="0.43" flags="32" />
				<point pos="-4.22 -0.10 -0.88" range="0.30" height="0.43" flags="32" />
				<point pos="1.23 -0.10 -0.94" range="0.30" height="0.43" flags="32" />
				<point pos="3.42 -0.10 -0.70" range="0.30" height="0.43" flags="32" />
				<point pos="-3.29 -0.10 0.85" range="0.30" height="0.43" flags="32" />
				<point pos="-1.13 -0.10 0.85" range="0.30" height="0.43" flags="32" />
			</container>
		</cluster>
		<cluster name="quarryenoch_22_50" lootmax="2" maxinstances="30">
			<de name="TrajectoryStones" />
			<container name="road" lootmax="1">
				<point pos="4.75 -0.10 1.06" range="0.30" height="0.43" flags="32" />
				<point pos="-4.22 -0.10 -0.88" range="0.30" height="0.43" flags="32" />
				<point pos="1.23 -0.10 -0.94" range="0.30" height="0.43" flags="32" />
				<point pos="3.42 -0.10 -0.70" range="0.30" height="0.43" flags="32" />
				<point pos="-3.29 -0.10 0.85" range="0.30" height="0.43" flags="32" />
				<point pos="-1.13 -0.10 0.85" range="0.30" height="0.43" flags="32" />
			</container>
		</cluster>
		<cluster name="quarryenoch_25"    lootmax="2" maxinstances="30">
			<de name="TrajectoryStones" />
			<container name="road" lootmax="1">
				<point pos="4.75 -0.10 1.06" range="0.30" height="0.43" flags="32" />
				<point pos="-4.22 -0.10 -0.88" range="0.30" height="0.43" flags="32" />
				<point pos="1.23 -0.10 -0.94" range="0.30" height="0.43" flags="32" />
				<point pos="3.42 -0.10 -0.70" range="0.30" height="0.43" flags="32" />
				<point pos="-3.29 -0.10 0.85" range="0.30" height="0.43" flags="32" />
				<point pos="-1.13 -0.10 0.85" range="0.30" height="0.43" flags="32" />
			</container>
		</cluster>
		<cluster name="quarryenoch_30_25" lootmax="2" maxinstances="30">
			<de name="TrajectoryStones" />
			<container name="road" lootmax="1">
				<point pos="4.75 -0.10 1.06" range="0.30" height="0.43" flags="32" />
				<point pos="-4.22 -0.10 -0.88" range="0.30" height="0.43" flags="32" />
				<point pos="1.23 -0.10 -0.94" range="0.30" height="0.43" flags="32" />
				<point pos="3.42 -0.10 -0.70" range="0.30" height="0.43" flags="32" />
				<point pos="-3.29 -0.10 0.85" range="0.30" height="0.43" flags="32" />
				<point pos="-1.13 -0.10 0.85" range="0.30" height="0.43" flags="32" />
			</container>
		</cluster>
		<cluster name="quarryenoch_60_10" lootmax="2" maxinstances="30">
			<de name="TrajectoryStones" />
			<container name="road" lootmax="1">
				<point pos="4.75 -0.10 1.06" range="0.30" height="0.43" flags="32" />
				<point pos="-4.22 -0.10 -0.88" range="0.30" height="0.43" flags="32" />
				<point pos="1.23 -0.10 -0.94" range="0.30" height="0.43" flags="32" />
				<point pos="3.42 -0.10 -0.70" range="0.30" height="0.43" flags="32" />
				<point pos="-3.29 -0.10 0.85" range="0.30" height="0.43" flags="32" />
				<point pos="-1.13 -0.10 0.85" range="0.30" height="0.43" flags="32" />
			</container>
		</cluster>
		<cluster name="PathD_02k" lootmax="2" maxinstances="30">
			<de name="TrajectoryStones" />
			<container name="road" lootmax="1">
				<point pos="4.75 -0.10 1.06" range="0.30" height="0.43" flags="32" />
				<point pos="-4.22 -0.10 -0.88" range="0.30" height="0.43" flags="32" />
				<point pos="1.23 -0.10 -0.94" range="0.30" height="0.43" flags="32" />
				<point pos="3.42 -0.10 -0.70" range="0.30" height="0.43" flags="32" />
				<point pos="-3.29 -0.10 0.85" range="0.30" height="0.43" flags="32" />
				<point pos="-1.13 -0.10 0.85" range="0.30" height="0.43" flags="32" />
			</container>
		</cluster>
		<cluster name="PathD_11k" lootmax="2" maxinstances="30">
			<de name="TrajectoryStones" />
			<container name="road" lootmax="1">
				<point pos="6.62 -0.10 0.93" range="0.30" height="0.43" flags="32" />
				<point pos="2.04 -0.10 -0.75" range="0.30" height="0.43" flags="32" />
				<point pos="0.82 -0.10 0.74" range="0.30" height="0.43" flags="32" />
				<point pos="-3.30 -0.10 -0.82" range="0.30" height="0.43" flags="32" />
				<point pos="4.82 -0.10 -0.72" range="0.30" height="0.43" flags="32" />
				<point pos="-5.90 -0.10 0.92" range="0.30" height="0.43" flags="32" />
			</container>
		</cluster>
		<cluster name="PathD_10100" lootmax="2" maxinstances="30">
			<de name="TrajectoryStones" />
			<container name="road" lootmax="1">
				<point pos="0.73 -0.10 -0.61" range="0.30" height="0.43" flags="32" />
				<point pos="5.49 -0.10 0.18" range="0.30" height="0.43" flags="32" />
				<point pos="-4.90 -0.10 -0.14" range="0.30" height="0.43" flags="32" />
				<point pos="6.51 -0.10 -1.45" range="0.30" height="0.43" flags="32" />
				<point pos="-2.00 -0.10 1.48" range="0.30" height="0.43" flags="32" />
			</container>
		</cluster>
		<cluster name="PathD_1025" lootmax="2" maxinstances="30">
			<de name="TrajectoryStones" />
			<container name="road" lootmax="1">
				<point pos="1.50 -0.10 0.25" range="0.30" height="0.43" flags="32" />
				<point pos="-1.74 -0.10 -0.60" range="0.30" height="0.43" flags="32" />
				<point pos="1.77 -0.10 0.97" range="0.30" height="0.43" flags="32" />
				<point pos="1.19 -0.10 -1.23" range="0.30" height="0.43" flags="32" />
				<point pos="-1.08 -0.10 1.20" range="0.30" height="0.43" flags="32" />
			</container>
		</cluster>
		<cluster name="PathD_1050" lootmax="2" maxinstances="30">
			<de name="TrajectoryStones" />
			<container name="road" lootmax="1">
				<point pos="1.50 -0.10 0.25" range="0.30" height="0.43" flags="32" />
				<point pos="-3.07 -0.10 -0.66" range="0.30" height="0.43" flags="32" />
				<point pos="6.54 -0.10 -1.79" range="0.30" height="0.43" flags="32" />
				<point pos="4.57 -0.10 0.48" range="0.30" height="0.43" flags="32" />
				<point pos="-0.53 -0.10 1.16" range="0.30" height="0.43" flags="32" />
				<point pos="0.10 -0.10 -0.76" range="0.30" height="0.43" flags="32" />
			</container>
		</cluster>
		<cluster name="PathD_1075" lootmax="2" maxinstances="30">
			<de name="TrajectoryStones" />
			<container name="road" lootmax="1">
				<point pos="-1.70 -0.10 -0.43" range="0.30" height="0.43" flags="32" />
				<point pos="1.62 -0.10 1.00" range="0.30" height="0.43" flags="32" />
				<point pos="-0.58 -0.10 1.17" range="0.30" height="0.43" flags="32" />
				<point pos="1.71 -0.10 -0.90" range="0.30" height="0.43" flags="32" />
			</container>
		</cluster>
		<cluster name="PathD_12" lootmax="2" maxinstances="30">
			<de name="TrajectoryStones" />
			<container name="road" lootmax="1">
				<point pos="1.50 -0.10 0.25" range="0.30" height="0.43" flags="32" />
				<point pos="3.96 -0.10 -0.86" range="0.30" height="0.43" flags="32" />
				<point pos="0.77 -0.10 -0.21" range="0.30" height="0.43" flags="32" />
				<point pos="-5.84 -0.10 -1.17" range="0.30" height="0.43" flags="32" />
				<point pos="-7.84 -0.10 0.89" range="0.30" height="0.43" flags="32" />
				<point pos="6.45 -0.10 1.41" range="0.30" height="0.43" flags="32" />
				<point pos="-1.32 -0.10 0.86" range="0.30" height="0.43" flags="32" />
			</container>
		</cluster>
		<cluster name="PathD_1575" lootmax="2" maxinstances="30">
			<de name="TrajectoryStones" />
			<container name="road" lootmax="1">
				<point pos="1.50 -0.10 0.25" range="0.30" height="0.43" flags="32" />
				<point pos="0.91 -0.10 1.00" range="0.30" height="0.43" flags="32" />
				<point pos="-3.36 -0.10 -0.31" range="0.30" height="0.43" flags="32" />
				<point pos="-2.17 -0.10 1.32" range="0.30" height="0.43" flags="32" />
				<point pos="6.04 -0.10 0.16" range="0.30" height="0.43" flags="32" />
				<point pos="4.90 -0.10 -1.48" range="0.30" height="0.43" flags="32" />
				<point pos="2.45 -0.10 -0.76" range="0.20" height="0.43" flags="32" />
			</container>
		</cluster>
		<cluster name="PathD_2250" lootmax="2" maxinstances="20">
			<de name="TrajectoryStones" />
			<container name="road" lootmax="1">
				<point pos="1.50 -0.10 0.25" range="0.30" height="0.43" flags="32" />
				<point pos="2.38 -0.10 -0.73" range="0.30" height="0.43" flags="32" />
				<point pos="-1.45 -0.10 0.46" range="0.30" height="0.43" flags="32" />
				<point pos="3.47 -0.10 1.19" range="0.30" height="0.43" flags="32" />
				<point pos="0.72 -0.10 2.17" range="0.30" height="0.43" flags="32" />
			</container>
		</cluster>
		<cluster name="PathD_25" lootmax="2" maxinstances="20">
			<de name="TrajectoryStones" />
			<container name="road" lootmax="1">
				<point pos="-5.73 -0.10 0.86" range="0.30" height="0.43" flags="32" />
				<point pos="-0.78 -0.10 0.96" range="0.30" height="0.43" flags="32" />
				<point pos="5.19 -0.10 0.73" range="0.30" height="0.43" flags="32" />
				<point pos="-10.62 -0.10 -1.12" range="0.30" height="0.43" flags="32" />
				<point pos="13.91 -0.10 1.69" range="0.30" height="0.43" flags="32" />
				<point pos="18.08 -0.10 -0.38" range="0.30" height="0.43" flags="32" />
				<point pos="-13.68 -0.10 0.97" range="0.30" height="0.43" flags="32" />
				<point pos="7.83 -0.10 -0.43" range="0.30" height="0.43" flags="32" />
			</container>
		</cluster>
		<cluster name="PathD_3025" lootmax="2" maxinstances="20">
			<de name="TrajectoryStones" />
			<container name="road" lootmax="1">
				<point pos="2.60 -0.10 0.74" range="0.30" height="0.43" flags="32" />
				<point pos="-1.51 -0.10 -0.03" range="0.30" height="0.43" flags="32" />
				<point pos="1.90 -0.10 -1.19" range="0.30" height="0.43" flags="32" />
				<point pos="-0.32 -0.10 1.37" range="0.30" height="0.43" flags="32" />
			</container>
		</cluster>
		<cluster name="PathD_6" lootmax="2" maxinstances="20">
			<de name="TrajectoryStones" />
			<container name="road" lootmax="1">
				<point pos="-1.13 -0.10 0.65" range="0.30" height="0.43" flags="32" />
				<point pos="6.36 -0.10 1.07" range="0.30" height="0.43" flags="32" />
				<point pos="1.78 -0.10 0.98" range="0.30" height="0.43" flags="32" />
				<point pos="2.45 -0.10 -0.64" range="0.30" height="0.43" flags="32" />
				<point pos="7.42 -0.10 -0.76" range="0.30" height="0.43" flags="32" />
				<point pos="-2.78 -0.10 -1.14" range="0.30" height="0.43" flags="32" />
			</container>
		</cluster>
		<cluster name="PathD_6010" lootmax="2" maxinstances="20">
			<de name="TrajectoryStones" />
			<container name="road" lootmax="1">
				<point pos="-1.49 -0.10 0.34" range="0.30" height="0.43" flags="32" />
				<point pos="0.38 -0.10 -1.59" range="0.30" height="0.43" flags="32" />
				<point pos="0.27 -0.10 1.062" range="0.30" height="0.43" flags="32" />
				<point pos="1.26 -0.10 0.45" range="0.30" height="0.43" flags="32" />
			</container>
		</cluster>
		<cluster name="PathD_6ko" lootmax="2" maxinstances="20">
			<de name="TrajectoryStones" />
			<container name="road" lootmax="1">
				<point pos="1.59 -0.10 -0.09" range="0.30" height="0.43" flags="32" />
				<point pos="-0.21 -0.10 1.28" range="0.30" height="0.43" flags="32" />
				<point pos="2.36 -0.10 0.84" range="0.30" height="0.43" flags="32" />
				<point pos="2.41 -0.10 -0.78" range="0.30" height="0.43" flags="32" />
				<point pos="-0.12 -0.10 -0.75" range="0.30" height="0.43" flags="32" />
			</container>
		</cluster>
		<cluster name="PathD_7100" lootmax="2" maxinstances="20">
			<de name="TrajectoryStones" />
			<container name="road" lootmax="1">
				<point pos="-0.71 -0.10 -0.66" range="0.30" height="0.43" flags="32" />
				<point pos="-3.96 -0.10 -0.48" range="0.30" height="0.43" flags="32" />
				<point pos="2.51 -0.10 -0.66" range="0.30" height="0.43" flags="32" />
				<point pos="1.35 -0.10 1.01" range="0.30" height="0.43" flags="32" />
				<point pos="-3.15 -0.10 1.20" range="0.30" height="0.43" flags="32" />
			</container>
		</cluster>
</prototype>
